time,tds,temp,ec,pH
2017/9/11 19:13:00,7.8,31,145.7,6.3066
2017/9/11 19:13:01,7.8,31,145.5,6.3066
2017/9/11 19:13:02,7.8,31,146,6.3078
2017/9/11 19:13:03,7.9,31,146.3,6.3128
2017/9/11 19:13:04,7.9,31,146.6,6.3013
2017/9/11 19:13:05,7.9,31,146.9,6.2923
2017/9/11 19:13:06,7.9,31,147,6.3019
2017/9/11 19:13:08,7.9,31,147,6.3075
2017/9/11 19:13:09,7.9,31,147.1,6.3095
2017/9/11 19:13:10,7.9,31,147.1,6.3075
2017/9/11 19:13:11,7.9,31,147.1,6.2867
2017/9/11 19:13:12,7.9,31,147.1,6.2972
2017/9/11 19:13:13,7.9,31,147.1,6.306
2017/9/11 19:13:14,7.9,31,147.1,6.3081
2017/9/11 19:13:15,7.9,31,147.1,6.3101
2017/9/11 19:13:16,7.9,31,147.1,6.2981
2017/9/11 19:13:17,7.9,31,147.1,6.2899
2017/9/11 19:13:18,7.9,31,147.1,6.3046
2017/9/11 19:13:19,7.9,31,147.1,6.3046
2017/9/11 19:13:20,7.9,31,147.1,6.3069
2017/9/11 19:13:21,7.9,31,147,6.3095
2017/9/11 19:13:22,7.9,31,147.1,6.3101
2017/9/11 19:13:23,7.9,31,147.1,6.2896
2017/9/11 19:13:24,7.9,31,147,6.2896
2017/9/11 19:13:25,7.9,31,147,6.2978
2017/9/11 19:13:26,7.9,31,146.9,6.3046
2017/9/11 19:13:27,7.9,31,146.9,6.3057
2017/9/11 19:13:28,7.9,31,146.9,6.309
2017/9/11 19:13:29,7.9,31,146.9,6.2975
2017/9/11 19:13:30,7.9,31,146.9,6.2893
2017/9/11 19:13:31,7.9,31,146.9,6.3028
2017/9/11 19:13:33,7.9,31,146.8,6.3069
2017/9/11 19:13:34,7.9,31,146.8,6.3066
2017/9/11 19:13:35,7.9,31,146.8,6.3113
2017/9/11 19:13:36,7.9,31,146.8,6.2879
2017/9/11 19:13:37,7.9,31,146.8,6.2964
2017/9/11 19:13:38,7.9,31,146.8,6.2964
2017/9/11 19:13:39,7.9,31,146.8,6.3046
2017/9/11 19:13:40,7.9,31,146.9,6.3072
2017/9/11 19:13:41,7.9,31,147,6.3107
2017/9/11 19:13:42,7.9,31,147,6.2993
2017/9/11 19:13:43,7.9,31,147,6.2882
2017/9/11 19:13:44,7.9,31,147,6.2996
2017/9/11 19:13:45,7.9,31,146.9,6.3049
2017/9/11 19:13:46,7.9,31,147,6.3063
2017/9/11 19:13:47,7.9,31,147,6.3092
2017/9/11 19:13:48,7.9,31,146.9,6.2896
2017/9/11 19:13:49,7.9,31,147,6.2943
2017/9/11 19:13:50,7.9,31,147,6.3031
2017/9/11 19:13:51,7.9,31,147,6.3066
2017/9/11 19:13:52,7.9,31,147,6.3095
2017/9/11 19:13:53,7.9,31,147,6.3016
2017/9/11 19:13:54,7.9,31,147,6.3016
2017/9/11 19:13:55,7.9,31,147.1,6.2879
2017/9/11 19:13:57,7.9,31,147.1,6.3008
2017/9/11 19:13:58,7.9,31,146.8,6.3028
2017/9/11 19:13:59,7.9,31,146.4,6.3025
2017/9/11 19:14:00,7.9,31,146.1,6.3063
2017/9/11 19:14:01,7.9,31,145.8,6.2867
2017/9/11 19:14:02,7.9,31,145.7,6.2943
2017/9/11 19:14:03,7.9,31,146.1,6.3051
2017/9/11 19:14:04,7.9,31,146.4,6.3028
2017/9/11 19:14:05,7.9,31,146.6,6.3051
2017/9/11 19:14:06,7.9,31,147,6.299
2017/9/11 19:14:07,7.9,31,147,6.2847
2017/9/11 19:14:08,7.9,31,147,6.2967
2017/9/11 19:14:09,7.9,31,147,6.2999
2017/9/11 19:14:10,7.9,31,147,6.3049
2017/9/11 19:14:11,7.9,31,146.9,6.3098
2017/9/11 19:14:12,7.9,31,146.8,6.3098
2017/9/11 19:14:13,7.9,31,146.8,6.287
2017/9/11 19:14:14,7.9,31,146.8,6.2911
2017/9/11 19:14:15,7.9,31,146.8,6.3016
2017/9/11 19:14:16,7.9,31,146.8,6.3063
2017/9/11 19:14:17,7.9,31,146.8,6.3078
2017/9/11 19:14:18,7.9,31,146.8,6.3022
2017/9/11 19:14:19,7.9,31,146.9,6.2823
2017/9/11 19:14:20,7.9,31,146.9,6.2955
2017/9/11 19:14:22,7.9,31,146.9,6.2955
2017/9/11 19:14:23,7.9,31,147,6.2952
2017/9/11 19:14:24,7.9,31,147,6.2902
2017/9/11 19:14:25,7.9,31,147,6.2773
2017/9/11 19:14:26,7.9,31,147.1,6.2864
2017/9/11 19:14:27,7.9,31,147,6.2914
2017/9/11 19:14:28,7.9,31,147,6.2914
2017/9/11 19:14:29,7.9,31,147,6.2949
2017/9/11 19:14:30,7.9,31,147,6.2773
2017/9/11 19:14:31,7.9,31,147,6.2817
2017/9/11 19:14:32,7.9,31,147,6.2902
2017/9/11 19:14:33,7.9,31,147,6.2926
2017/9/11 19:14:34,7.9,31,147,6.2987
2017/9/11 19:14:35,7.9,31,147,6.2917
2017/9/11 19:14:36,7.9,31,147,6.2753
2017/9/11 19:14:37,7.9,31,147,6.2829
2017/9/11 19:14:38,7.9,31,147.1,6.2829
2017/9/11 19:14:39,7.9,31,147,6.2899
2017/9/11 19:14:40,7.9,31,146.9,6.2911
2017/9/11 19:14:41,7.9,31,146.9,6.2943
2017/9/11 19:14:42,7.9,31,147,6.2762
2017/9/11 19:14:43,7.9,31,147.1,6.2765
2017/9/11 19:14:44,7.9,31,147.1,6.289
2017/9/11 19:14:46,7.9,31,147.1,6.2937
2017/9/11 19:14:47,7.9,31,147.1,6.297
2017/9/11 19:14:48,7.9,31,146.9,6.2888
2017/9/11 19:14:49,7.9,31,146.9,6.2738
2017/9/11 19:14:50,7.9,31,146.8,6.2823
2017/9/11 19:14:51,7.9,31,146.8,6.2882
2017/9/11 19:14:52,7.9,31,146.8,6.2931
2017/9/11 19:14:53,7.9,31,146.8,6.2958
2017/9/11 19:14:54,7.9,31,146.8,6.2779
2017/9/11 19:14:55,7.9,31,146.8,6.2779
2017/9/11 19:14:56,7.9,31,146.8,6.2735
2017/9/11 19:14:57,7.9,31,146.9,6.2905
2017/9/11 19:14:58,7.9,31,146.9,6.2914
2017/9/11 19:14:59,7.9,31,146.9,6.2934
2017/9/11 19:15:00,7.9,31,146.9,6.2893
2017/9/11 19:15:01,7.9,31,147,6.2732
2017/9/11 19:15:02,7.9,31,147,6.2732
2017/9/11 19:15:03,7.9,31,147,6.2835
2017/9/11 19:15:04,7.9,31,147,6.2888
2017/9/11 19:15:05,7.9,31,147,6.2949
2017/9/11 19:15:06,7.9,31,146.9,6.2964
2017/9/11 19:15:07,7.9,31,146.9,6.2759
2017/9/11 19:15:09,7.9,31,146.9,6.2738
2017/9/11 19:15:10,7.9,31,146.9,6.2879
2017/9/11 19:15:11,7.9,31,146.9,6.2905
2017/9/11 19:15:12,7.9,31,146.9,6.2914
2017/9/11 19:15:13,7.9,31,146.8,6.2914
2017/9/11 19:15:14,7.9,31,146.8,6.2902
2017/9/11 19:15:15,7.9,31,146.8,6.2902
2017/9/11 19:15:16,7.9,31,146.8,6.2738
2017/9/11 19:15:17,7.9,31,146.8,6.2823
2017/9/11 19:15:18,7.9,31,146.9,6.2849
2017/9/11 19:15:19,7.9,31,146.9,6.2882
2017/9/11 19:15:20,7.9,31,147,6.2931
2017/9/11 19:15:21,7.9,31,147,6.2756
2017/9/11 19:15:22,7.9,31,147.1,6.2729
2017/9/11 19:15:23,7.9,31,147.1,6.2858
2017/9/11 19:15:24,7.9,31,147.1,6.2931
2017/9/11 19:15:25,7.9,31,147,6.2911
2017/9/11 19:15:26,7.9,31,147,6.289
2017/9/11 19:15:27,7.9,31,147,6.2703
2017/9/11 19:15:28,7.9,31,147,6.28
2017/9/11 19:15:29,7.9,31,147,6.2867
2017/9/11 19:15:30,7.9,31,147,6.2867
2017/9/11 19:15:31,7.9,31,147,6.2902
2017/9/11 19:15:32,7.9,31,147,6.2902
2017/9/11 19:15:33,7.9,31,147.1,6.277
2017/9/11 19:15:35,7.9,31,147.1,6.2729
2017/9/11 19:15:36,7.9,31,147,6.2867
2017/9/11 19:15:37,7.9,31,147,6.2876
2017/9/11 19:15:38,7.9,31,147,6.289
2017/9/11 19:15:39,7.9,31,147,6.2882
2017/9/11 19:15:40,7.9,31,146.9,6.2694
2017/9/11 19:15:41,7.9,31,146.8,6.2803
2017/9/11 19:15:42,7.9,31,146.8,6.2876
2017/9/11 19:15:43,7.9,31,146.8,6.2893
2017/9/11 19:15:44,7.9,31,146.9,6.2908
2017/9/11 19:15:45,7.9,31,146.9,6.2756
2017/9/11 19:15:46,7.9,31,146.9,6.2712
2017/9/11 19:15:47,7.9,31,146.9,6.2823
2017/9/11 19:15:48,7.9,31,146.9,6.287
2017/9/11 19:15:49,7.9,31,146.9,6.287
2017/9/11 19:15:50,7.9,31,147,6.2899
2017/9/11 19:15:51,7.9,31,146.9,6.2896
2017/9/11 19:15:52,7.9,31,146.9,6.268
2017/9/11 19:15:53,7.9,31,147,6.2765
2017/9/11 19:15:54,7.9,31,147,6.2858
2017/9/11 19:15:55,7.9,31,147,6.2867
2017/9/11 19:15:56,7.9,31,147,6.2905
2017/9/11 19:15:57,7.9,31,146.9,6.2759
2017/9/11 19:15:59,7.9,31,146.9,6.27
2017/9/11 19:16:00,7.9,31,146.9,6.2826
2017/9/11 19:16:01,7.9,31,146.8,6.2855
2017/9/11 19:16:02,7.9,31,146.9,6.2882
2017/9/11 19:16:03,7.9,31,146.9,6.2905
2017/9/11 19:16:04,7.9,31,147,6.2659
2017/9/11 19:16:05,7.9,31,147,6.2747
2017/9/11 19:16:06,7.9,31,147,6.2823
2017/9/11 19:16:07,7.9,31,147,6.2823
2017/9/11 19:16:08,7.9,31,147,6.2852
2017/9/11 19:16:09,7.9,31,147.1,6.2876
2017/9/11 19:16:10,7.9,31,147.1,6.2776
2017/9/11 19:16:11,7.9,31,147.1,6.27
2017/9/11 19:16:12,7.9,31,147.1,6.27
2017/9/11 19:16:13,7.9,31,147.1,6.2832
2017/9/11 19:16:14,7.9,31,147,6.2847
2017/9/11 19:16:15,7.9,31,146.9,6.287
2017/9/11 19:16:16,7.9,31,146.9,6.289
2017/9/11 19:16:17,7.9,31,146.9,6.265
2017/9/11 19:16:18,7.9,31,146.9,6.2747
2017/9/11 19:16:19,7.9,31,146.9,6.2826
2017/9/11 19:16:20,7.9,31,146.8,6.2832
2017/9/11 19:16:21,7.9,31,146.8,6.2899
2017/9/11 19:16:22,7.9,31,146.7,6.2806
2017/9/11 19:16:24,7.9,31,146.7,6.2686
2017/9/11 19:16:25,7.9,31,146.7,6.2814
2017/9/11 19:16:26,7.9,31,146.8,6.2814
2017/9/11 19:16:27,7.9,31,146.9,6.2838
2017/9/11 19:16:28,7.9,31,147,6.2873
2017/9/11 19:16:29,7.9,31,147,6.2908
2017/9/11 19:16:30,7.9,31,147,6.268
2017/9/11 19:16:31,7.9,31,147.1,6.2738
2017/9/11 19:16:32,7.9,31,147,6.2838
2017/9/11 19:16:33,7.9,31,147.1,6.2861
2017/9/11 19:16:34,7.9,31,147.1,6.2911
2017/9/11 19:16:35,7.9,31,147,6.2817
2017/9/11 19:16:36,7.9,31,147,6.2686
2017/9/11 19:16:37,7.9,31,147,6.2797
2017/9/11 19:16:38,7.9,31,147,6.2817
2017/9/11 19:16:39,7.9,31,147,6.2835
2017/9/11 19:16:40,7.9,31,147,6.2905
2017/9/11 19:16:41,7.9,31,147.1,6.2697
2017/9/11 19:16:42,7.9,31,147.1,6.2697
2017/9/11 19:16:43,7.9,31,147.1,6.2718
2017/9/11 19:16:44,7.9,31,147.1,6.2852
2017/9/11 19:16:45,7.9,31,147.1,6.2844
2017/9/11 19:16:46,7.9,31,147,6.2888
2017/9/11 19:16:48,7.9,31,147,6.2794
2017/9/11 19:16:49,7.9,31,146.9,6.2683
2017/9/11 19:16:50,7.9,31,146.9,6.282
2017/9/11 19:16:51,7.9,31,146.9,6.2844
2017/9/11 19:16:52,7.9,31,146.9,6.287
2017/9/11 19:16:53,7.9,31,146.9,6.2905
2017/9/11 19:16:54,7.9,31,146.9,6.2677
2017/9/11 19:16:55,7.9,31,146.9,6.2709
2017/9/11 19:16:56,7.9,31,146.8,6.2838
2017/9/11 19:16:57,7.9,31,146.7,6.2829
2017/9/11 19:16:58,7.9,31,146.4,6.2882
2017/9/11 19:16:59,7.9,31,146,6.2808
2017/9/11 19:17:00,7.9,31,145.7,6.2808
2017/9/11 19:17:01,7.9,31,145.4,6.2665
2017/9/11 19:17:02,7.9,31,145.6,6.2788
2017/9/11 19:17:03,7.9,31,145.9,6.2829
2017/9/11 19:17:04,7.9,31,146.1,6.2885
2017/9/11 19:17:05,7.9,31,146.5,6.289
2017/9/11 19:17:06,7.9,31,146.7,6.2691
2017/9/11 19:17:07,7.9,31,146.8,6.2697
2017/9/11 19:17:08,7.9,31,146.8,6.2814
2017/9/11 19:17:09,7.9,31,146.8,6.2852
2017/9/11 19:17:10,7.9,31,146.9,6.2896
2017/9/11 19:17:12,7.9,31,146.9,6.2811
2017/9/11 19:17:13,7.9,31,146.9,6.2642
2017/9/11 19:17:14,7.9,31,146.9,6.2791
2017/9/11 19:17:15,7.9,31,146.9,6.2808
2017/9/11 19:17:16,7.9,31,146.9,6.2829
2017/9/11 19:17:17,7.9,31,146.9,6.2849
2017/9/11 19:17:18,7.9,31,146.9,6.2849
2017/9/11 19:17:19,7.9,31,147,6.268
2017/9/11 19:17:20,7.9,31,147,6.2712
2017/9/11 19:17:21,7.9,31,146.9,6.2829
2017/9/11 19:17:22,7.9,31,146.9,6.2858
2017/9/11 19:17:23,7.9,31,146.9,6.2867
2017/9/11 19:17:24,7.9,31,146.9,6.2832
2017/9/11 19:17:25,7.9,31,146.9,6.2645
2017/9/11 19:17:26,7.9,31,146.9,6.2762
2017/9/11 19:17:27,7.9,31,146.9,6.2808
2017/9/11 19:17:28,7.9,31,146.9,6.2849
2017/9/11 19:17:29,7.9,31,146.9,6.2879
2017/9/11 19:17:30,7.9,31,146.9,6.2703
2017/9/11 19:17:31,7.9,31,146.9,6.2703
2017/9/11 19:17:32,7.9,31,146.8,6.282
2017/9/11 19:17:33,7.9,31,146.8,6.2829
2017/9/11 19:17:34,7.9,31,146.8,6.2829
2017/9/11 19:17:35,7.9,31,146.8,6.2844
2017/9/11 19:17:37,7.9,31,146.8,6.28
2017/9/11 19:17:38,7.9,31,146.8,6.2656
2017/9/11 19:17:39,7.9,31,146.7,6.2762
2017/9/11 19:17:40,7.9,31,146.7,6.2814
2017/9/11 19:17:41,7.9,31,146.7,6.2835
2017/9/11 19:17:42,7.9,31,146.7,6.2899
2017/9/11 19:17:43,7.9,31,146.7,6.2688
2017/9/11 19:17:44,7.9,31,146.7,6.2686
2017/9/11 19:17:45,7.9,31,146.7,6.2797
2017/9/11 19:17:46,7.9,31,146.7,6.2779
2017/9/11 19:17:47,7.9,31,146.8,6.2835
2017/9/11 19:17:48,7.9,31,146.8,6.2823
2017/9/11 19:17:49,7.9,31,146.9,6.2645
2017/9/11 19:17:50,7.9,31,146.9,6.2741
2017/9/11 19:17:51,7.9,31,147,6.2779
2017/9/11 19:17:52,7.9,31,146.9,6.2779
2017/9/11 19:17:53,7.9,31,146.9,6.28
2017/9/11 19:17:54,7.9,31,146.8,6.2844
2017/9/11 19:17:55,7.9,31,146.8,6.2677
2017/9/11 19:17:56,7.9,31,146.9,6.2715
2017/9/11 19:17:57,7.9,31,146.8,6.2841
2017/9/11 19:17:58,7.9,31,146.6,6.2847
2017/9/11 19:17:59,7.9,31,146.3,6.2849
2017/9/11 19:18:01,7.9,31,145.9,6.2823
2017/9/11 19:18:02,7.9,31,145.7,6.2653
2017/9/11 19:18:03,7.9,31,146,6.2691
2017/9/11 19:18:04,7.9,31,146.2,6.2753
2017/9/11 19:18:05,7.9,31,146.5,6.2776
2017/9/11 19:18:06,7.9,31,146.8,6.2829
2017/9/11 19:18:07,7.9,31,146.8,6.2683
2017/9/11 19:18:08,7.9,31,146.8,6.2653
2017/9/11 19:18:09,7.9,31,146.8,6.28
2017/9/11 19:18:10,7.9,31,146.9,6.28
2017/9/11 19:18:11,7.9,31,146.9,6.2791
2017/9/11 19:18:12,7.9,31,146.9,6.2861
2017/9/11 19:18:13,7.9,31,146.9,6.2849
2017/9/11 19:18:14,7.9,31,146.9,6.2639
2017/9/11 19:18:15,7.9,31,146.8,6.2715
2017/9/11 19:18:16,7.9,31,146.8,6.2776
2017/9/11 19:18:17,7.9,31,146.8,6.28
2017/9/11 19:18:18,7.9,31,146.8,6.2838
2017/9/11 19:18:19,7.9,31,146.8,6.2662
2017/9/11 19:18:20,7.9,31,146.8,6.2639
2017/9/11 19:18:21,7.9,31,146.8,6.2767
2017/9/11 19:18:22,7.9,31,146.8,6.2779
2017/9/11 19:18:23,7.9,31,146.8,6.2797
2017/9/11 19:18:25,7.9,31,146.8,6.2797
2017/9/11 19:18:26,7.9,31,146.8,6.2583
2017/9/11 19:18:27,7.9,31,146.8,6.2583
2017/9/11 19:18:28,7.9,31,146.7,6.2683
2017/9/11 19:18:29,7.9,31,146.6,6.2794
2017/9/11 19:18:30,7.9,31,146.7,6.2791
2017/9/11 19:18:31,7.9,31,146.7,6.2829
2017/9/11 19:18:32,7.9,31,146.8,6.2688
2017/9/11 19:18:33,7.9,31,146.7,6.2609
2017/9/11 19:18:34,7.9,31,146.7,6.2773
2017/9/11 19:18:35,7.9,31,146.7,6.2762
2017/9/11 19:18:36,7.9,31,146.8,6.2779
2017/9/11 19:18:37,7.9,31,146.8,6.2767
2017/9/11 19:18:38,7.9,31,146.9,6.2565
2017/9/11 19:18:39,7.9,31,146.9,6.2697
2017/9/11 19:18:40,7.9,31,146.9,6.2779
2017/9/11 19:18:41,7.9,31,147,6.277
2017/9/11 19:18:42,7.9,31,147,6.2823
2017/9/11 19:18:43,7.9,31,146.9,6.2668
2017/9/11 19:18:44,7.9,31,146.9,6.2668
2017/9/11 19:18:45,7.9,31,146.9,6.2604
2017/9/11 19:18:46,7.9,31,146.8,6.2753
2017/9/11 19:18:47,7.9,31,146.9,6.2776
2017/9/11 19:18:49,7.9,31,146.8,6.2785
2017/9/11 19:18:50,7.9,31,146.9,6.2794
2017/9/11 19:18:51,7.9,31,146.8,6.2606
2017/9/11 19:18:52,7.9,31,146.8,6.2691
2017/9/11 19:18:53,7.9,31,146.7,6.2767
2017/9/11 19:18:54,7.9,31,146.7,6.2779
2017/9/11 19:18:55,7.9,31,146.7,6.2829
2017/9/11 19:18:56,7.9,31,146.8,6.2674
2017/9/11 19:18:57,7.9,31,146.9,6.2604
2017/9/11 19:18:58,7.9,31,146.6,6.2721
2017/9/11 19:18:59,7.9,31,146.3,6.2747
2017/9/11 19:19:00,7.9,31,145.9,6.2785
2017/9/11 19:19:01,7.9,31,145.5,6.2797
2017/9/11 19:19:02,7.9,31,145.6,6.2797
2017/9/11 19:19:03,7.9,31,145.9,6.258
2017/9/11 19:19:04,7.9,31,146.3,6.2674
2017/9/11 19:19:05,7.9,31,146.7,6.2756
2017/9/11 19:19:06,7.9,31,146.8,6.2779
2017/9/11 19:19:07,7.9,31,146.8,6.2817
2017/9/11 19:19:08,7.9,31,146.8,6.2697
2017/9/11 19:19:09,7.9,31,146.8,6.2621
2017/9/11 19:19:10,7.9,31,146.9,6.2735
2017/9/11 19:19:11,7.9,31,146.9,6.2773
2017/9/11 19:19:12,7.9,31,146.9,6.2785
2017/9/11 19:19:14,7.9,31,146.9,6.28
2017/9/11 19:19:15,7.9,31,146.9,6.2595
2017/9/11 19:19:16,7.9,31,146.9,6.2694
2017/9/11 19:19:17,7.9,31,146.7,6.2788
2017/9/11 19:19:18,7.9,31,146.8,6.28
2017/9/11 19:19:19,7.9,31,146.7,6.28
2017/9/11 19:19:20,7.9,31,146.7,6.2811
2017/9/11 19:19:21,7.9,31,146.9,6.27
2017/9/11 19:19:22,7.9,31,146.9,6.2574
2017/9/11 19:19:23,7.9,31,146.9,6.2724
2017/9/11 19:19:24,7.9,31,146.9,6.2765
2017/9/11 19:19:25,7.9,31,146.9,6.2776
2017/9/11 19:19:26,7.9,31,146.9,6.2803
2017/9/11 19:19:27,7.9,31,146.9,6.2574
2017/9/11 19:19:28,7.9,31,146.8,6.2659
2017/9/11 19:19:29,7.9,31,146.7,6.2727
2017/9/11 19:19:30,7.9,31,146.7,6.275
2017/9/11 19:19:31,7.9,31,146.8,6.28
2017/9/11 19:19:32,7.9,31,146.9,6.268
2017/9/11 19:19:33,7.9,31,146.9,6.2568
2017/9/11 19:19:34,7.9,31,146.8,6.27
2017/9/11 19:19:35,7.9,31,146.8,6.2732
2017/9/11 19:19:36,7.9,31,146.8,6.2732
2017/9/11 19:19:37,7.9,31,146.8,6.2767
2017/9/11 19:19:39,7.9,31,146.8,6.2797
2017/9/11 19:19:40,7.9,31,146.7,6.2568
2017/9/11 19:19:41,7.9,31,146.7,6.2656
2017/9/11 19:19:42,7.9,31,146.7,6.2753
2017/9/11 19:19:43,7.9,31,146.7,6.2732
2017/9/11 19:19:44,7.9,31,146.7,6.2776
2017/9/11 19:19:45,7.9,31,146.7,6.2677
2017/9/11 19:19:46,7.9,31,146.7,6.2574
2017/9/11 19:19:47,7.9,31,146.7,6.2724
2017/9/11 19:19:48,7.9,31,146.7,6.2753
2017/9/11 19:19:49,7.9,31,146.8,6.2765
2017/9/11 19:19:50,7.9,31,146.9,6.2779
2017/9/11 19:19:51,7.9,31,146.9,6.2571
2017/9/11 19:19:52,7.9,31,146.9,6.2624
2017/9/11 19:19:53,7.9,31,146.9,6.2727
2017/9/11 19:19:54,7.9,31,146.9,6.2727
2017/9/11 19:19:55,7.9,31,146.8,6.2721
2017/9/11 19:19:56,7.9,31,146.8,6.2779
2017/9/11 19:19:57,7.9,31,146.6,6.2691
2017/9/11 19:19:58,7.9,31,146.6,6.2574
2017/9/11 19:19:59,7.9,31,146.5,6.2709
2017/9/11 19:20:00,7.9,31,146.5,6.2703
2017/9/11 19:20:01,7.9,31,146.7,6.2724
2017/9/11 19:20:03,7.9,31,146.7,6.2785
2017/9/11 19:20:04,7.9,31,146.7,6.2542
2017/9/11 19:20:05,7.9,31,146.8,6.2621
2017/9/11 19:20:06,7.9,31,146.8,6.2712
2017/9/11 19:20:07,7.9,31,146.8,6.2741
2017/9/11 19:20:08,7.9,31,146.8,6.2779
2017/9/11 19:20:09,7.9,31,146.8,6.2697
2017/9/11 19:20:10,7.9,31,146.8,6.2557
2017/9/11 19:20:11,7.9,31,146.9,6.2557
2017/9/11 19:20:12,7.9,31,146.8,6.2668
2017/9/11 19:20:13,7.9,31,146.8,6.2732
2017/9/11 19:20:14,7.9,31,146.7,6.2744
2017/9/11 19:20:15,7.9,31,146.6,6.2794
2017/9/11 19:20:16,7.9,31,146.6,6.2583
2017/9/11 19:20:17,7.9,31,146.6,6.2621
2017/9/11 19:20:18,7.9,31,146.5,6.2727
2017/9/11 19:20:19,7.9,31,146.5,6.2727
2017/9/11 19:20:20,7.9,31,146.5,6.2759
2017/9/11 19:20:21,7.9,31,146.5,6.2686
2017/9/11 19:20:22,7.9,31,146.5,6.2527
2017/9/11 19:20:23,7.9,31,146.4,6.2668
2017/9/11 19:20:24,7.9,31,146.5,6.2729
2017/9/11 19:20:25,7.9,31,146.5,6.275
2017/9/11 19:20:27,7.9,31,146.5,6.2776
2017/9/11 19:20:28,7.9,31,146.6,6.2539
2017/9/11 19:20:29,7.9,31,146.6,6.2539
2017/9/11 19:20:30,7.9,31,146.6,6.2609
2017/9/11 19:20:31,7.9,31,146.6,6.2721
2017/9/11 19:20:32,7.9,31,146.7,6.2727
2017/9/11 19:20:33,7.9,31,146.7,6.2806
2017/9/11 19:20:34,7.9,31,146.7,6.2729
2017/9/11 19:20:35,7.9,31,146.7,6.258
2017/9/11 19:20:36,7.9,31,146.7,6.27
2017/9/11 19:20:37,7.9,31,146.7,6.2732
2017/9/11 19:20:38,7.9,31,146.7,6.275
2017/9/11 19:20:39,7.9,31,146.8,6.275
2017/9/11 19:20:40,7.9,31,146.8,6.2551
2017/9/11 19:20:41,7.9,31,146.8,6.2574
2017/9/11 19:20:42,7.9,31,146.8,6.2686
2017/9/11 19:20:43,7.9,31,146.7,6.2735
2017/9/11 19:20:44,7.9,31,146.8,6.2759
2017/9/11 19:20:45,7.9,31,146.8,6.2703
2017/9/11 19:20:46,7.9,31,146.8,6.2703
2017/9/11 19:20:47,7.9,31,146.8,6.2522
2017/9/11 19:20:48,7.9,31,146.8,6.2647
2017/9/11 19:20:49,7.9,31,146.8,6.2697
2017/9/11 19:20:50,7.9,31,146.7,6.2724
2017/9/11 19:20:52,7.9,31,146.6,6.2759
2017/9/11 19:20:53,7.9,31,146.6,6.2554
2017/9/11 19:20:54,7.9,31,146.6,6.2568
2017/9/11 19:20:55,7.9,31,146.6,6.2697
2017/9/11 19:20:56,7.9,31,146.7,6.2724
2017/9/11 19:20:57,7.9,31,146.7,6.2762
2017/9/11 19:20:58,7.9,31,146.5,6.2677
2017/9/11 19:20:59,7.9,31,146.5,6.2548
2017/9/11 19:21:00,7.9,31,146.6,6.2647
2017/9/11 19:21:01,7.9,31,146.5,6.2732
2017/9/11 19:21:02,7.9,31,146.7,6.2712
2017/9/11 19:21:03,7.9,31,146.7,6.2712
2017/9/11 19:21:04,7.9,31,146.7,6.2762
2017/9/11 19:21:05,7.9,31,146.7,6.2574
2017/9/11 19:21:06,7.9,31,146.7,6.258
2017/9/11 19:21:07,7.9,31,146.7,6.2703
2017/9/11 19:21:08,7.9,31,146.8,6.2694
2017/9/11 19:21:09,7.9,31,146.7,6.27
2017/9/11 19:21:10,7.9,31,146.7,6.2709
2017/9/11 19:21:11,7.9,31,146.7,6.2504
2017/9/11 19:21:12,7.9,31,146.7,6.2645
2017/9/11 19:21:13,7.9,31,146.7,6.2697
2017/9/11 19:21:14,7.9,31,146.7,6.2729
2017/9/11 19:21:16,7.9,31,146.8,6.28
2017/9/11 19:21:17,7.9,31,146.7,6.2571
2017/9/11 19:21:18,7.9,31,146.8,6.2504
2017/9/11 19:21:19,7.9,31,146.8,6.2639
2017/9/11 19:21:20,7.9,31,146.7,6.2677
2017/9/11 19:21:21,7.9,31,146.8,6.2677
2017/9/11 19:21:22,7.9,31,146.8,6.2706
2017/9/11 19:21:23,7.9,31,146.9,6.268
2017/9/11 19:21:24,7.9,31,146.9,6.2516
2017/9/11 19:21:25,7.9,31,146.9,6.2633
2017/9/11 19:21:26,7.9,31,146.9,6.2721
2017/9/11 19:21:27,7.9,31,146.9,6.2721
2017/9/11 19:21:28,7.9,31,146.8,6.2738
2017/9/11 19:21:29,7.9,31,146.8,6.2548
2017/9/11 19:21:30,7.9,31,146.8,6.2539
2017/9/11 19:21:31,7.9,31,146.8,6.2671
2017/9/11 19:21:32,7.9,31,146.7,6.2645
2017/9/11 19:21:33,7.9,31,146.7,6.2694
2017/9/11 19:21:34,7.9,31,146.7,6.2677
2017/9/11 19:21:35,7.9,31,146.7,6.2516
2017/9/11 19:21:36,7.9,31,146.7,6.2601
2017/9/11 19:21:37,7.9,31,146.7,6.265
2017/9/11 19:21:38,7.9,31,146.7,6.265
2017/9/11 19:21:40,7.9,31,146.7,6.2653
2017/9/11 19:21:41,7.9,31,146.7,6.2712
2017/9/11 19:21:42,7.9,31,146.7,6.2568
2017/9/11 19:21:43,7.9,31,146.8,6.2507
2017/9/11 19:21:44,7.9,31,146.8,6.2653
2017/9/11 19:21:45,7.9,31,146.8,6.2665
2017/9/11 19:21:46,7.9,31,146.8,6.2709
2017/9/11 19:21:47,7.9,31,146.8,6.2686
2017/9/11 19:21:48,7.9,31,146.8,6.2604
2017/9/11 19:21:49,7.9,31,146.8,6.2627
2017/9/11 19:21:50,7.9,31,146.8,6.2636
2017/9/11 19:21:51,7.9,31,146.8,6.2565
2017/9/11 19:21:52,7.9,31,146.8,6.2393
2017/9/11 19:21:53,7.9,31,146.8,6.253
2017/9/11 19:21:54,7.9,31,146.9,6.2577
2017/9/11 19:21:55,7.9,31,146.8,6.263
2017/9/11 19:21:56,7.9,31,146.9,6.265
2017/9/11 19:21:57,7.9,31,146.6,6.2519
2017/9/11 19:21:58,7.9,31,146.6,6.2425
2017/9/11 19:21:59,7.9,31,146.7,6.2589
2017/9/11 19:22:00,7.9,31,146.6,6.2565
2017/9/11 19:22:01,7.9,31,146.8,6.2612
2017/9/11 19:22:02,7.9,31,146.8,6.2612
2017/9/11 19:22:03,7.9,31,146.8,6.2601
2017/9/11 19:22:05,7.9,31,146.9,6.2422
2017/9/11 19:22:06,7.9,31,146.8,6.2533
2017/9/11 19:22:07,7.9,31,146.8,6.2586
2017/9/11 19:22:08,7.9,31,146.7,6.2615
2017/9/11 19:22:09,7.9,31,146.7,6.2659
2017/9/11 19:22:10,7.9,31,146.7,6.2481
2017/9/11 19:22:11,7.9,31,146.6,6.2475
2017/9/11 19:22:12,7.9,31,146.6,6.2604
2017/9/11 19:22:13,7.9,31,146.6,6.2586
2017/9/11 19:22:14,7.9,31,146.6,6.2618
2017/9/11 19:22:15,7.9,31,146.5,6.2615
2017/9/11 19:22:16,7.9,31,146.5,6.2419
2017/9/11 19:22:17,7.9,31,146.6,6.2554
2017/9/11 19:22:18,7.9,31,146.7,6.2598
2017/9/11 19:22:19,7.9,31,146.7,6.2604
2017/9/11 19:22:20,7.9,31,146.8,6.2604
2017/9/11 19:22:21,7.9,31,146.8,6.2645
2017/9/11 19:22:22,7.9,31,146.8,6.2486
2017/9/11 19:22:23,7.9,31,146.8,6.2457
2017/9/11 19:22:24,7.9,31,146.8,6.2601
2017/9/11 19:22:25,7.9,31,146.8,6.2612
2017/9/11 19:22:26,7.9,31,146.8,6.2618
2017/9/11 19:22:27,7.9,31,146.8,6.2595
2017/9/11 19:22:29,7.9,31,146.8,6.2416
2017/9/11 19:22:30,7.9,31,146.8,6.2498
2017/9/11 19:22:31,7.9,31,146.8,6.2583
2017/9/11 19:22:32,7.9,31,146.8,6.2592
2017/9/11 19:22:33,7.9,31,146.9,6.2665
2017/9/11 19:22:34,7.9,31,146.9,6.2504
2017/9/11 19:22:35,7.9,31,146.9,6.2445
2017/9/11 19:22:36,7.9,31,146.8,6.2586
2017/9/11 19:22:37,7.9,31,146.7,6.2583
2017/9/11 19:22:38,7.9,31,146.7,6.2583
2017/9/11 19:22:39,7.9,31,146.7,6.2624
2017/9/11 19:22:40,7.9,31,146.7,6.2592
2017/9/11 19:22:41,7.9,31,146.7,6.2402
2017/9/11 19:22:42,7.9,31,146.7,6.2478
2017/9/11 19:22:43,7.9,31,146.7,6.2604
2017/9/11 19:22:44,7.9,31,146.7,6.2598
2017/9/11 19:22:45,7.9,31,146.7,6.2656
2017/9/11 19:22:46,7.9,31,146.6,6.2486
2017/9/11 19:22:47,7.9,31,146.6,6.2419
2017/9/11 19:22:48,7.9,31,146.6,6.2586
2017/9/11 19:22:49,7.9,31,146.5,6.2577
2017/9/11 19:22:50,7.9,31,146.5,6.2606
2017/9/11 19:22:51,7.9,31,146.5,6.2612
2017/9/11 19:22:53,7.9,31,146.5,6.2422
2017/9/11 19:22:54,7.9,31,146.6,6.2507
2017/9/11 19:22:55,7.9,31,146.7,6.2507
2017/9/11 19:22:56,7.9,31,146.7,6.2571
2017/9/11 19:22:57,7.9,31,146.7,6.2589
2017/9/11 19:22:58,7.9,31,146.6,6.2645
2017/9/11 19:22:59,7.9,31,146.6,6.2489
2017/9/11 19:23:00,7.9,31,146.6,6.2407
2017/9/11 19:23:01,7.9,31,146.7,6.2533
2017/9/11 19:23:02,7.9,31,146.8,6.2592
2017/9/11 19:23:03,7.9,31,146.8,6.2621
2017/9/11 19:23:04,7.9,31,146.8,6.2606
2017/9/11 19:23:05,7.9,31,146.8,6.2413
2017/9/11 19:23:06,7.9,31,146.8,6.2492
2017/9/11 19:23:07,7.9,31,146.8,6.256
2017/9/11 19:23:08,7.9,31,146.8,6.2583
2017/9/11 19:23:09,7.9,31,146.8,6.2612
2017/9/11 19:23:10,7.9,31,146.7,6.2448
2017/9/11 19:23:11,7.9,31,146.8,6.2413
2017/9/11 19:23:12,7.9,31,146.7,6.2413
2017/9/11 19:23:13,7.9,31,146.7,6.2516
2017/9/11 19:23:14,7.9,31,146.8,6.2527
2017/9/11 19:23:15,7.9,31,146.8,6.263
2017/9/11 19:23:16,7.9,31,146.8,6.2598
2017/9/11 19:23:18,7.9,31,146.8,6.2399
2017/9/11 19:23:19,7.9,31,146.7,6.246
2017/9/11 19:23:20,7.9,31,146.6,6.2551
2017/9/11 19:23:21,7.9,31,146.6,6.2563
2017/9/11 19:23:22,7.9,31,146.6,6.2595
2017/9/11 19:23:23,7.9,31,146.5,6.2492
2017/9/11 19:23:24,7.9,31,146.5,6.2416
2017/9/11 19:23:25,7.9,31,146.5,6.2536
2017/9/11 19:23:26,7.9,31,146.5,6.2554
2017/9/11 19:23:27,7.9,31,146.6,6.258
2017/9/11 19:23:28,7.9,31,146.6,6.2589
2017/9/11 19:23:29,7.9,31,146.7,6.2372
2017/9/11 19:23:30,7.9,31,146.7,6.2372
2017/9/11 19:23:31,7.9,31,146.7,6.2454
2017/9/11 19:23:32,7.9,31,146.8,6.2539
2017/9/11 19:23:33,7.9,31,146.8,6.2568
2017/9/11 19:23:34,7.9,31,146.8,6.2589
2017/9/11 19:23:35,7.9,31,146.8,6.2492
2017/9/11 19:23:36,7.9,31,146.8,6.2404
2017/9/11 19:23:37,7.9,31,146.8,6.253
2017/9/11 19:23:38,7.9,31,146.8,6.2583
2017/9/11 19:23:39,7.9,31,146.8,6.2574
2017/9/11 19:23:40,7.9,31,146.8,6.258
2017/9/11 19:23:42,7.9,31,146.8,6.2343
2017/9/11 19:23:43,7.9,31,146.8,6.2463
2017/9/11 19:23:44,7.9,31,146.8,6.2565
2017/9/11 19:23:45,7.9,31,146.7,6.258
2017/9/11 19:23:46,7.9,31,146.7,6.2604
2017/9/11 19:23:47,7.9,31,146.7,6.2604
2017/9/11 19:23:48,7.9,31,146.7,6.2501
2017/9/11 19:23:49,7.9,31,146.7,6.239
2017/9/11 19:23:50,7.9,31,146.7,6.2507
2017/9/11 19:23:51,7.9,31,146.7,6.2522
2017/9/11 19:23:52,7.9,31,146.8,6.2551
2017/9/11 19:23:53,7.9,31,146.8,6.2604
2017/9/11 19:23:54,7.9,31,146.8,6.2396
2017/9/11 19:23:55,7.9,31,146.7,6.2437
2017/9/11 19:23:56,7.9,31,146.7,6.2548
2017/9/11 19:23:57,7.9,31,146.6,6.2565
2017/9/11 19:23:58,7.9,31,146.1,6.2604
2017/9/11 19:23:59,7.9,31,145.8,6.2495
2017/9/11 19:24:00,7.9,31,145.5,6.2384
2017/9/11 19:24:01,7.9,31,145.2,6.2504
2017/9/11 19:24:02,7.9,31,145.6,6.2536
2017/9/11 19:24:03,7.9,31,145.9,6.2568
2017/9/11 19:24:04,7.9,31,146.3,6.2568
2017/9/11 19:24:06,7.9,31,146.6,6.2612
2017/9/11 19:24:07,7.9,31,146.8,6.2358
2017/9/11 19:24:08,7.9,31,146.8,6.2425
2017/9/11 19:24:09,7.9,31,146.8,6.2539
2017/9/11 19:24:10,7.9,31,146.8,6.2533
2017/9/11 19:24:11,7.9,31,146.8,6.2577
2017/9/11 19:24:12,7.9,31,146.7,6.2504
2017/9/11 19:24:13,7.9,31,146.8,6.2355
2017/9/11 19:24:14,7.9,31,146.7,6.2495
2017/9/11 19:24:15,7.9,31,146.7,6.2545
2017/9/11 19:24:16,7.9,31,146.7,6.2557
2017/9/11 19:24:17,7.9,31,146.7,6.2586
2017/9/11 19:24:18,7.9,31,146.7,6.2358
2017/9/11 19:24:19,7.9,31,146.7,6.2404
2017/9/11 19:24:20,7.9,31,146.7,6.2545
2017/9/11 19:24:21,7.9,31,146.7,6.2536
2017/9/11 19:24:22,7.9,31,146.8,6.2536
2017/9/11 19:24:23,7.9,31,146.8,6.2604
2017/9/11 19:24:24,7.9,31,146.8,6.2513
2017/9/11 19:24:25,7.9,31,146.8,6.2366
2017/9/11 19:24:26,7.9,31,146.7,6.2478
2017/9/11 19:24:27,7.9,31,146.7,6.2519
2017/9/11 19:24:28,7.9,31,146.6,6.2533
2017/9/11 19:24:29,7.9,31,146.6,6.2583
2017/9/11 19:24:31,7.9,31,146.6,6.2369
2017/9/11 19:24:32,7.9,31,146.6,6.2407
2017/9/11 19:24:33,7.9,31,146.6,6.2571
2017/9/11 19:24:34,7.9,31,146.7,6.258
2017/9/11 19:24:35,7.9,31,146.6,6.2612
2017/9/11 19:24:36,7.9,31,146.6,6.2551
2017/9/11 19:24:37,7.9,31,146.5,6.2404
2017/9/11 19:24:38,7.9,31,146.5,6.2492
2017/9/11 19:24:39,7.9,31,146.4,6.2492
2017/9/11 19:24:40,7.9,31,146.3,6.2481
2017/9/11 19:24:41,7.9,31,146.3,6.2516
2017/9/11 19:24:42,7.9,31,146.3,6.2571
2017/9/11 19:24:43,7.9,31,146.4,6.2346
2017/9/11 19:24:44,7.9,31,146.3,6.241
2017/9/11 19:24:45,7.9,31,146.3,6.2519
2017/9/11 19:24:46,7.9,31,146.4,6.2542
2017/9/11 19:24:47,7.9,31,146.4,6.2571
2017/9/11 19:24:48,7.9,31,146.5,6.2507
2017/9/11 19:24:49,7.9,31,146.6,6.2346
2017/9/11 19:24:50,7.9,31,146.6,6.2478
2017/9/11 19:24:51,7.9,31,146.7,6.2522
2017/9/11 19:24:52,7.9,31,146.7,6.253
2017/9/11 19:24:53,7.9,31,146.7,6.258
2017/9/11 19:24:55,7.9,31,146.7,6.2369
2017/9/11 19:24:56,7.9,31,146.8,6.2402
2017/9/11 19:24:57,7.9,31,146.7,6.2402
2017/9/11 19:24:58,7.9,31,146.6,6.2513
2017/9/11 19:24:59,7.9,31,146.2,6.2542
2017/9/11 19:25:00,7.9,31,145.9,6.256
2017/9/11 19:25:01,7.9,31,145.5,6.2492
2017/9/11 19:25:02,7.9,31,145.4,6.2337
2017/9/11 19:25:03,7.9,31,145.7,6.2478
2017/9/11 19:25:04,7.9,31,146,6.2519
2017/9/11 19:25:05,7.9,31,146.4,6.2533
2017/9/11 19:25:06,7.9,31,146.6,6.2583
2017/9/11 19:25:07,7.9,31,146.7,6.2387
2017/9/11 19:25:08,7.9,31,146.7,6.2402
2017/9/11 19:25:09,7.9,31,146.7,6.2519
2017/9/11 19:25:10,7.9,31,146.7,6.2522
2017/9/11 19:25:11,7.9,31,146.7,6.2571
2017/9/11 19:25:12,7.9,31,146.7,6.251
2017/9/11 19:25:13,7.9,31,146.6,6.2349
2017/9/11 19:25:14,7.9,31,146.6,6.2349
2017/9/11 19:25:15,7.9,31,146.6,6.2437
2017/9/11 19:25:16,7.9,31,146.5,6.2522
2017/9/11 19:25:17,7.9,31,146.5,6.2548
2017/9/11 19:25:19,7.9,31,146.4,6.258
2017/9/11 19:25:20,7.9,31,146.4,6.2369
2017/9/11 19:25:21,7.9,31,146.5,6.2355
2017/9/11 19:25:22,7.9,31,146.5,6.2507
2017/9/11 19:25:23,7.9,31,146.5,6.2527
2017/9/11 19:25:24,7.9,31,146.5,6.2548
2017/9/11 19:25:25,7.9,31,146.5,6.2484
2017/9/11 19:25:26,7.9,31,146.5,6.2334
2017/9/11 19:25:27,7.9,31,146.6,6.2443
2017/9/11 19:25:28,7.9,31,146.6,6.2492
2017/9/11 19:25:29,7.9,31,146.6,6.2504
2017/9/11 19:25:30,7.9,31,146.7,6.2557
2017/9/11 19:25:31,7.9,31,146.7,6.2557
2017/9/11 19:25:32,7.9,31,146.7,6.2343
2017/9/11 19:25:33,7.9,31,146.7,6.2378
2017/9/11 19:25:34,7.9,31,146.7,6.2498
2017/9/11 19:25:35,7.9,31,146.7,6.253
2017/9/11 19:25:36,7.9,31,146.7,6.2539
2017/9/11 19:25:37,7.9,31,146.7,6.2498
2017/9/11 19:25:38,7.9,31,146.7,6.2331
2017/9/11 19:25:39,7.9,31,146.7,6.2451
2017/9/11 19:25:40,7.9,31,146.7,6.251
2017/9/11 19:25:41,7.9,31,146.8,6.2542
2017/9/11 19:25:43,7.9,31,146.7,6.256
2017/9/11 19:25:44,7.9,31,146.7,6.2363
2017/9/11 19:25:45,7.9,31,146.7,6.2358
2017/9/11 19:25:46,7.9,31,146.7,6.2489
2017/9/11 19:25:47,7.9,31,146.7,6.2501
2017/9/11 19:25:48,7.9,31,146.7,6.2533
2017/9/11 19:25:49,7.9,31,146.7,6.2533
2017/9/11 19:25:50,7.9,31,146.7,6.2516
2017/9/11 19:25:51,7.9,31,146.7,6.2334
2017/9/11 19:25:52,7.9,31,146.7,6.2451
2017/9/11 19:25:53,7.9,31,146.7,6.253
2017/9/11 19:25:54,7.9,31,146.7,6.256
2017/9/11 19:25:55,7.9,31,146.7,6.2592
2017/9/11 19:25:56,7.9,31,146.7,6.241
2017/9/11 19:25:57,7.9,31,146.5,6.2346
2017/9/11 19:25:58,7.9,31,145.9,6.2478
2017/9/11 19:25:59,7.9,31,145.5,6.2495
2017/9/11 19:26:00,7.9,31,145.1,6.2539
2017/9/11 19:26:01,7.9,31,144.9,6.2501
2017/9/11 19:26:02,7.9,31,145.5,6.2305
2017/9/11 19:26:03,7.9,31,145.8,6.2443
2017/9/11 19:26:04,7.9,31,146.2,6.2481
2017/9/11 19:26:05,7.9,31,146.5,6.2489
2017/9/11 19:26:06,7.9,31,146.5,6.2489
2017/9/11 19:26:08,7.9,31,146.5,6.2516
2017/9/11 19:26:09,7.9,31,146.5,6.2346
2017/9/11 19:26:10,7.9,31,146.6,6.2343
2017/9/11 19:26:11,7.9,31,146.6,6.2501
2017/9/11 19:26:12,7.9,31,146.6,6.2522
2017/9/11 19:26:13,7.9,31,146.6,6.2533
2017/9/11 19:26:14,7.9,31,146.6,6.2501
2017/9/11 19:26:15,7.9,31,146.6,6.2337
2017/9/11 19:26:16,7.9,31,146.6,6.241
2017/9/11 19:26:17,7.9,31,146.6,6.2478
2017/9/11 19:26:18,7.9,31,146.6,6.2504
2017/9/11 19:26:19,7.9,31,146.6,6.2545
2017/9/11 19:26:20,7.9,31,146.6,6.2366
2017/9/11 19:26:21,7.9,31,146.7,6.2363
2017/9/11 19:26:22,7.9,31,146.7,6.2469
2017/9/11 19:26:23,7.9,31,146.7,6.2469
2017/9/11 19:26:24,7.9,31,146.7,6.2478
2017/9/11 19:26:25,7.9,31,146.7,6.2513
2017/9/11 19:26:26,7.9,31,146.7,6.2492
2017/9/11 19:26:27,7.9,31,146.7,6.2317
2017/9/11 19:26:28,7.9,31,146.7,6.2425
2017/9/11 19:26:29,7.9,31,146.8,6.2492
2017/9/11 19:26:30,7.9,31,146.8,6.2525
2017/9/11 19:26:32,7.9,31,146.8,6.2548
2017/9/11 19:26:33,7.9,31,146.8,6.2404
2017/9/11 19:26:34,7.9,31,146.8,6.2343
2017/9/11 19:26:35,7.9,31,146.7,6.2472
2017/9/11 19:26:36,7.9,31,146.6,6.2484
2017/9/11 19:26:37,7.9,31,146.6,6.2522
2017/9/11 19:26:38,7.9,31,146.6,6.2475
2017/9/11 19:26:39,7.9,31,146.7,6.227
2017/9/11 19:26:40,7.9,31,146.7,6.2369
2017/9/11 19:26:41,7.9,31,146.7,6.2369
2017/9/11 19:26:42,7.9,31,146.7,6.2489
2017/9/11 19:26:43,7.9,31,146.7,6.2495
2017/9/11 19:26:44,7.9,31,146.7,6.2533
2017/9/11 19:26:45,7.9,31,146.8,6.2387
2017/9/11 19:26:46,7.9,31,146.8,6.2325
2017/9/11 19:26:47,7.9,31,146.9,6.2445
2017/9/11 19:26:48,7.9,31,146.9,6.2454
2017/9/11 19:26:49,7.9,31,146.9,6.2484
2017/9/11 19:26:50,7.9,31,147,6.2504
2017/9/11 19:26:51,7.9,31,147,6.2287
2017/9/11 19:26:52,7.9,31,147,6.2419
2017/9/11 19:26:53,7.9,31,146.9,6.2469
2017/9/11 19:26:54,7.9,31,146.9,6.2495
2017/9/11 19:26:56,7.9,31,146.9,6.2519
2017/9/11 19:26:57,7.9,31,146.8,6.2366
2017/9/11 19:26:58,7.9,31,146.8,6.2314
2017/9/11 19:26:59,7.9,31,146.5,6.2314
2017/9/11 19:27:00,7.9,31,146.2,6.246
2017/9/11 19:27:01,7.9,31,145.8,6.2454
2017/9/11 19:27:02,7.9,31,145.6,6.2513
2017/9/11 19:27:03,7.9,31,145.9,6.2495
2017/9/11 19:27:04,7.9,31,146.2,6.2296
2017/9/11 19:27:05,7.9,31,146.5,6.239
2017/9/11 19:27:06,7.9,31,146.8,6.2472
2017/9/11 19:27:07,7.9,31,146.8,6.2492
2017/9/11 19:27:08,7.9,31,146.7,6.2525
2017/9/11 19:27:09,7.9,31,146.7,6.2431
2017/9/11 19:27:10,7.9,31,146.7,6.2352
2017/9/11 19:27:11,7.9,31,146.7,6.2466
2017/9/11 19:27:12,7.9,31,146.7,6.251
2017/9/11 19:27:13,7.9,31,146.7,6.2533
2017/9/11 19:27:14,7.9,31,146.7,6.2554
2017/9/11 19:27:15,7.9,31,146.7,6.2554
2017/9/11 19:27:16,7.9,31,146.6,6.2246
2017/9/11 19:27:17,7.9,31,146.6,6.2387
2017/9/11 19:27:18,7.9,31,146.6,6.2443
2017/9/11 19:27:19,7.9,31,146.6,6.2451
2017/9/11 19:27:21,7.9,31,146.5,6.2478
2017/9/11 19:27:22,7.9,31,146.5,6.2375
2017/9/11 19:27:23,7.9,31,146.5,6.2337
2017/9/11 19:27:24,7.9,31,146.5,6.2472
2017/9/11 19:27:25,7.9,31,146.6,6.2504
2017/9/11 19:27:26,7.9,31,146.7,6.2498
2017/9/11 19:27:27,7.9,31,146.6,6.2481
2017/9/11 19:27:28,7.9,31,146.6,6.227
2017/9/11 19:27:29,7.9,31,146.5,6.2355
2017/9/11 19:27:30,7.9,31,146.5,6.2451
2017/9/11 19:27:31,7.9,31,146.5,6.2451
2017/9/11 19:27:32,7.9,31,146.5,6.2495
2017/9/11 19:27:33,7.9,31,146.5,6.2495
2017/9/11 19:27:34,7.9,31,146.5,6.2372
2017/9/11 19:27:35,7.9,31,146.5,6.2276
2017/9/11 19:27:36,7.9,31,146.5,6.2407
2017/9/11 19:27:37,7.9,31,146.6,6.2428
2017/9/11 19:27:38,7.9,31,146.6,6.2469
2017/9/11 19:27:39,7.9,31,146.6,6.2492
2017/9/11 19:27:40,7.9,31,146.6,6.2264
2017/9/11 19:27:41,7.9,31,146.6,6.2325
2017/9/11 19:27:42,7.9,31,146.6,6.246
2017/9/11 19:27:43,7.9,31,146.5,6.2472
2017/9/11 19:27:45,7.9,31,146.5,6.2475
2017/9/11 19:27:46,7.9,31,146.6,6.2381
2017/9/11 19:27:47,7.9,31,146.5,6.2282
2017/9/11 19:27:48,7.9,31,146.5,6.2413
2017/9/11 19:27:49,7.9,31,146.5,6.2448
2017/9/11 19:27:50,7.9,31,146.4,6.244
2017/9/11 19:27:51,7.9,31,146.3,6.244
2017/9/11 19:27:52,7.9,31,146.3,6.246
2017/9/11 19:27:53,7.9,31,146.3,6.2252
2017/9/11 19:27:54,7.9,31,146.3,6.2334
2017/9/11 19:27:55,7.9,31,146.3,6.2422
2017/9/11 19:27:56,7.9,31,146.4,6.2448
2017/9/11 19:27:57,7.9,31,146.3,6.2448
2017/9/11 19:27:58,7.9,31,145.9,6.2387
2017/9/11 19:27:59,7.9,31,145.7,6.2267
2017/9/11 19:28:00,7.9,31,145.3,6.2425
2017/9/11 19:28:01,7.9,31,145.1,6.244
2017/9/11 19:28:02,7.9,31,145.5,6.246
2017/9/11 19:28:03,7.9,31,145.8,6.2475
2017/9/11 19:28:04,7.9,31,146.2,6.2264
2017/9/11 19:28:05,7.9,31,146.5,6.2317
2017/9/11 19:28:06,7.9,31,146.6,6.2431
2017/9/11 19:28:07,7.9,31,146.6,6.2431
2017/9/11 19:28:09,7.9,31,146.6,6.2428
2017/9/11 19:28:10,7.9,31,146.6,6.2486
2017/9/11 19:28:11,7.9,31,146.6,6.2387
2017/9/11 19:28:12,7.9,31,146.6,6.2279
2017/9/11 19:28:13,7.9,31,146.6,6.2425
2017/9/11 19:28:14,7.9,31,146.6,6.2478
2017/9/11 19:28:15,7.9,31,146.5,6.2451
2017/9/11 19:28:16,7.9,31,146.5,6.2489
2017/9/11 19:28:17,7.9,31,146.5,6.2264
2017/9/11 19:28:18,7.9,31,146.5,6.2308
2017/9/11 19:28:19,7.9,31,146.6,6.2419
2017/9/11 19:28:20,7.9,31,146.5,6.2437
2017/9/11 19:28:21,7.9,31,146.5,6.2445
2017/9/11 19:28:22,7.9,31,146.4,6.2366
2017/9/11 19:28:23,7.9,31,146.4,6.227
2017/9/11 19:28:24,7.9,31,146.4,6.2381
2017/9/11 19:28:25,7.9,31,146.4,6.2381
2017/9/11 19:28:26,7.9,31,146.3,6.2413
2017/9/11 19:28:27,7.9,31,146.3,6.2472
2017/9/11 19:28:28,7.9,31,146.3,6.2627
2017/9/11 19:28:29,7.9,31,146.2,6.2293
2017/9/11 19:28:30,7.9,31,146.3,6.2375
2017/9/11 19:28:31,7.9,31,146.3,6.2489
2017/9/11 19:28:32,7.9,31,146.4,6.2475
2017/9/11 19:28:34,7.9,31,146.4,6.2457
2017/9/11 19:28:35,7.9,31,146.5,6.2369
2017/9/11 19:28:36,7.9,31,146.5,6.2252
2017/9/11 19:28:37,7.9,31,146.5,6.2387
2017/9/11 19:28:38,7.9,31,146.5,6.2428
2017/9/11 19:28:39,7.9,31,146.5,6.2428
2017/9/11 19:28:40,7.9,31,146.5,6.2466
2017/9/11 19:28:41,7.9,31,146.4,6.2238
2017/9/11 19:28:42,7.9,31,146.4,6.2279
2017/9/11 19:28:43,7.9,31,146.4,6.2279
2017/9/11 19:28:44,7.9,31,146.4,6.239
2017/9/11 19:28:45,7.9,31,146.4,6.2431
2017/9/11 19:28:46,7.9,31,146.4,6.2472
2017/9/11 19:28:47,7.9,31,146.4,6.2381
2017/9/11 19:28:48,7.9,31,146.3,6.2264
2017/9/11 19:28:49,7.9,31,146.2,6.2384
2017/9/11 19:28:50,7.9,31,146.2,6.2431
2017/9/11 19:28:51,7.9,31,146.2,6.2434
2017/9/11 19:28:52,7.9,31,146.3,6.2481
2017/9/11 19:28:53,7.9,31,146.5,6.2261
2017/9/11 19:28:54,7.9,31,146.5,6.2279
2017/9/11 19:28:55,7.9,31,146.5,6.2402
2017/9/11 19:28:56,7.9,31,146.5,6.2416
2017/9/11 19:28:58,7.9,31,146.3,6.2451
2017/9/11 19:28:59,7.9,31,146,6.2393
2017/9/11 19:29:00,7.9,31,145.7,6.2393
2017/9/11 19:29:01,7.9,31,145.4,6.2232
2017/9/11 19:29:02,7.9,31,145.3,6.2355
2017/9/11 19:29:03,7.9,31,145.6,6.2399
2017/9/11 19:29:04,7.9,31,145.9,6.2445
2017/9/11 19:29:05,7.9,31,146.3,6.2469
2017/9/11 19:29:06,7.9,31,146.6,6.2284
2017/9/11 19:29:07,7.9,31,146.7,6.2282
2017/9/11 19:29:08,7.9,31,146.6,6.2407
2017/9/11 19:29:09,7.9,31,146.5,6.2431
2017/9/11 19:29:10,7.9,31,146.5,6.2437
2017/9/11 19:29:11,7.9,31,146.4,6.2381
2017/9/11 19:29:12,7.9,31,146.4,6.2396
2017/9/11 19:29:13,7.9,31,146.5,6.2404
2017/9/11 19:29:14,7.9,31,146.5,6.2302
2017/9/11 19:29:15,7.9,31,146.5,6.2153
2017/9/11 19:29:16,7.9,31,146.5,6.2252
2017/9/11 19:29:17,7.9,31,146.5,6.2299
2017/9/11 19:29:18,7.9,31,146.5,6.2363
2017/9/11 19:29:19,7.9,31,146.6,6.2396
2017/9/11 19:29:20,7.9,31,146.6,6.2161
2017/9/11 19:29:21,7.9,31,146.5,6.2211
2017/9/11 19:29:23,7.9,31,146.5,6.2325
2017/9/11 19:29:24,7.9,31,146.5,6.2325
2017/9/11 19:29:25,7.9,31,146.6,6.2352
2017/9/11 19:29:26,7.9,31,146.6,6.2381
2017/9/11 19:29:27,7.9,31,146.6,6.2296
2017/9/11 19:29:28,7.9,31,146.6,6.2173
2017/9/11 19:29:29,7.9,31,146.6,6.2296
2017/9/11 19:29:30,7.9,31,146.6,6.2325
2017/9/11 19:29:31,7.9,31,146.6,6.2363
2017/9/11 19:29:32,7.9,31,146.6,6.2384
2017/9/11 19:29:33,7.9,31,146.7,6.2176
2017/9/11 19:29:34,7.9,31,146.7,6.2214
2017/9/11 19:29:35,7.9,31,146.7,6.2334
2017/9/11 19:29:36,7.9,31,146.7,6.2355
2017/9/11 19:29:37,7.9,31,146.7,6.2346
2017/9/11 19:29:38,7.9,31,146.7,6.2293
2017/9/11 19:29:39,7.9,31,146.7,6.2138
2017/9/11 19:29:40,7.9,31,146.7,6.2258
2017/9/11 19:29:41,7.9,31,146.7,6.2258
2017/9/11 19:29:42,7.9,31,146.6,6.2302
2017/9/11 19:29:43,7.9,31,146.6,6.2346
2017/9/11 19:29:44,7.9,31,146.6,6.2387
2017/9/11 19:29:45,7.9,31,146.6,6.2176
2017/9/11 19:29:47,7.9,31,146.6,6.2194
2017/9/11 19:29:48,7.9,31,146.7,6.2311
2017/9/11 19:29:49,7.9,31,146.6,6.2343
2017/9/11 19:29:50,7.9,31,146.7,6.2372
2017/9/11 19:29:51,7.9,31,146.6,6.2293
2017/9/11 19:29:52,7.9,31,146.6,6.22
2017/9/11 19:29:53,7.9,31,146.6,6.2328
2017/9/11 19:29:54,7.9,31,146.7,6.2355
2017/9/11 19:29:55,7.9,31,146.7,6.2366
2017/9/11 19:29:56,7.9,31,146.7,6.2375
2017/9/11 19:29:57,7.9,31,146.5,6.2118
2017/9/11 19:29:58,7.9,31,146.2,6.2118
2017/9/11 19:29:59,7.9,31,145.8,6.2132
2017/9/11 19:30:00,7.9,31,145.4,6.2293
2017/9/11 19:30:01,7.9,31,145.1,6.2296
2017/9/11 19:30:02,7.9,31,145.3,6.2346
2017/9/11 19:30:03,7.9,31,145.7,6.2302
2017/9/11 19:30:04,7.9,31,146,6.2141
2017/9/11 19:30:05,7.9,31,146.4,6.2261
2017/9/11 19:30:06,7.9,31,146.5,6.2314
2017/9/11 19:30:07,7.9,31,146.4,6.232
2017/9/11 19:30:08,7.9,31,146.4,6.2369
2017/9/11 19:30:09,7.9,31,146.5,6.2185
2017/9/11 19:30:11,7.9,31,146.5,6.2164
2017/9/11 19:30:12,7.9,31,146.6,6.2308
2017/9/11 19:30:13,7.9,31,146.6,6.2323
2017/9/11 19:30:14,7.9,31,146.6,6.2346
2017/9/11 19:30:15,7.9,31,146.6,6.232
2017/9/11 19:30:16,7.9,31,146.6,6.232
2017/9/11 19:30:17,7.9,31,146.6,6.2135
2017/9/11 19:30:18,7.9,31,146.6,6.2241
2017/9/11 19:30:19,7.9,31,146.6,6.2299
2017/9/11 19:30:20,7.9,31,146.6,6.2331
2017/9/11 19:30:21,7.9,31,146.7,6.2369
2017/9/11 19:30:22,7.9,31,146.6,6.2194
2017/9/11 19:30:23,7.9,31,146.6,6.2161
2017/9/11 19:30:24,7.9,31,146.6,6.2311
2017/9/11 19:30:25,7.9,31,146.6,6.2302
2017/9/11 19:30:26,7.9,31,146.6,6.2328
2017/9/11 19:30:27,7.9,31,146.6,6.2305
2017/9/11 19:30:28,7.9,31,146.6,6.2129
2017/9/11 19:30:29,7.9,31,146.6,6.2238
2017/9/11 19:30:30,7.9,31,146.6,6.2323
2017/9/11 19:30:31,7.9,31,146.6,6.2323
2017/9/11 19:30:32,7.9,31,146.5,6.2369
2017/9/11 19:30:33,7.9,31,146.4,6.2369
2017/9/11 19:30:34,7.9,31,146.3,6.2185
2017/9/11 19:30:36,7.9,31,146.3,6.2147
2017/9/11 19:30:37,7.9,31,146.2,6.2279
2017/9/11 19:30:38,7.9,31,146.3,6.229
2017/9/11 19:30:39,7.9,31,146.4,6.2302
2017/9/11 19:30:40,7.9,31,146.4,6.2287
2017/9/11 19:30:41,7.9,31,146.4,6.2118
2017/9/11 19:30:42,7.9,31,146.4,6.2217
2017/9/11 19:30:43,7.9,31,146.4,6.2317
2017/9/11 19:30:44,7.9,31,146.4,6.2314
2017/9/11 19:30:45,7.9,31,146.4,6.2331
2017/9/11 19:30:46,7.9,31,146.5,6.2188
2017/9/11 19:30:47,7.9,31,146.5,6.2144
2017/9/11 19:30:48,7.9,31,146.6,6.229
2017/9/11 19:30:49,7.9,31,146.7,6.2323
2017/9/11 19:30:50,7.9,31,146.7,6.2323
2017/9/11 19:30:51,7.9,31,146.7,6.2346
2017/9/11 19:30:52,7.9,31,146.7,6.2343
2017/9/11 19:30:53,7.9,31,146.7,6.2129
2017/9/11 19:30:54,7.9,31,146.7,6.2235
2017/9/11 19:30:55,7.9,31,146.6,6.229
2017/9/11 19:30:56,7.9,31,146.6,6.2305
2017/9/11 19:30:57,7.9,31,146.4,6.2363
2017/9/11 19:30:58,7.9,31,146.1,6.2188
2017/9/11 19:31:00,7.9,31,145.7,6.2141
2017/9/11 19:31:01,7.9,31,145.4,6.229
2017/9/11 19:31:02,7.9,31,145.2,6.2299
2017/9/11 19:31:03,7.9,31,145.6,6.2337
2017/9/11 19:31:04,7.9,31,146,6.2311
2017/9/11 19:31:05,7.9,31,146.3,6.2129
2017/9/11 19:31:06,7.9,31,146.7,6.2208
2017/9/11 19:31:07,7.9,31,146.7,6.2308
2017/9/11 19:31:08,7.9,31,146.7,6.2308
2017/9/11 19:31:09,7.9,31,146.7,6.2343
2017/9/11 19:31:10,7.9,31,146.7,6.2369
2017/9/11 19:31:11,7.9,31,146.6,6.2235
2017/9/11 19:31:12,7.9,31,146.6,6.2179
2017/9/11 19:31:13,7.9,31,146.6,6.2323
2017/9/11 19:31:14,7.9,31,146.6,6.2343
2017/9/11 19:31:15,7.9,31,146.5,6.2305
2017/9/11 19:31:16,7.9,31,146.4,6.2302
2017/9/11 19:31:17,7.9,31,146.4,6.2123
2017/9/11 19:31:18,7.9,31,146.4,6.2202
2017/9/11 19:31:19,7.9,31,146.4,6.2302
2017/9/11 19:31:20,7.9,31,146.5,6.2311
2017/9/11 19:31:21,7.9,31,146.5,6.234
2017/9/11 19:31:22,7.9,31,146.5,6.2229
2017/9/11 19:31:23,7.9,31,146.5,6.2144
2017/9/11 19:31:25,7.9,31,146.5,6.2264
2017/9/11 19:31:26,7.9,31,146.5,6.2264
2017/9/11 19:31:27,7.9,31,146.2,6.2276
2017/9/11 19:31:28,7.9,31,146.2,6.2296
2017/9/11 19:31:29,7.9,31,146.3,6.2349
2017/9/11 19:31:30,7.9,31,146.2,6.2097
2017/9/11 19:31:31,7.9,31,146.5,6.2176
2017/9/11 19:31:32,7.9,31,146.5,6.2299
2017/9/11 19:31:33,7.9,31,146.5,6.2299
2017/9/11 19:31:34,7.9,31,146.6,6.2328
2017/9/11 19:31:35,7.9,31,146.6,6.2232
2017/9/11 19:31:36,7.9,31,146.6,6.2129
2017/9/11 19:31:37,7.9,31,146.6,6.2279
2017/9/11 19:31:38,7.9,31,146.6,6.2296
2017/9/11 19:31:39,7.9,31,146.6,6.232
2017/9/11 19:31:40,7.9,31,146.6,6.234
2017/9/11 19:31:41,7.9,31,146.6,6.2118
2017/9/11 19:31:42,7.9,31,146.6,6.2118
2017/9/11 19:31:43,7.9,31,146.6,6.2202
2017/9/11 19:31:44,7.9,31,146.7,6.2308
2017/9/11 19:31:45,7.9,31,146.6,6.2302
2017/9/11 19:31:46,7.9,31,146.6,6.2396
2017/9/11 19:31:47,7.9,31,146.6,6.2267
2017/9/11 19:31:49,7.9,31,146.6,6.212
2017/9/11 19:31:50,7.9,31,146.7,6.2258
2017/9/11 19:31:51,7.9,31,146.7,6.2276
2017/9/11 19:31:52,7.9,31,146.6,6.2311
2017/9/11 19:31:53,7.9,31,146.5,6.2331
2017/9/11 19:31:54,7.9,31,146.5,6.2106
2017/9/11 19:31:55,7.9,31,146.5,6.217
2017/9/11 19:31:56,7.9,31,146.5,6.2302
2017/9/11 19:31:57,7.9,31,146.6,6.2308
2017/9/11 19:31:58,7.9,31,146.2,6.2325
2017/9/11 19:31:59,7.9,31,145.8,6.2252
2017/9/11 19:32:00,7.9,31,145.4,6.2252
2017/9/11 19:32:01,7.9,31,145,6.2123
2017/9/11 19:32:02,7.9,31,145.4,6.2267
2017/9/11 19:32:03,7.9,31,145.8,6.2302
2017/9/11 19:32:04,7.9,31,146.1,6.2302
2017/9/11 19:32:05,7.9,31,146.5,6.2343
2017/9/11 19:32:06,7.9,31,146.6,6.2118
2017/9/11 19:32:07,7.9,31,146.6,6.2156
2017/9/11 19:32:08,7.9,31,146.6,6.2276
2017/9/11 19:32:09,7.9,31,146.4,6.2299
2017/9/11 19:32:10,7.9,31,146,6.2323
2017/9/11 19:32:11,7.9,31,146,6.2249
2017/9/11 19:32:13,7.9,31,146,6.2109
2017/9/11 19:32:14,7.9,31,146.2,6.2223
2017/9/11 19:32:15,7.9,31,146.6,6.2282
2017/9/11 19:32:16,7.9,31,146.6,6.2299
2017/9/11 19:32:17,7.9,31,146.6,6.234
2017/9/11 19:32:18,7.9,31,146.6,6.234
2017/9/11 19:32:19,7.9,31,146.6,6.2088
2017/9/11 19:32:20,7.9,31,146.7,6.2144
2017/9/11 19:32:21,7.9,31,146.6,6.2282
2017/9/11 19:32:22,7.9,31,146.6,6.229
2017/9/11 19:32:23,7.9,31,146.6,6.2323
2017/9/11 19:32:24,7.9,31,146.6,6.2255
2017/9/11 19:32:25,7.9,31,146.6,6.2097
2017/9/11 19:32:26,7.9,31,146.6,6.2249
2017/9/11 19:32:27,7.9,31,146.6,6.2343
2017/9/11 19:32:28,7.9,31,146.6,6.2311
2017/9/11 19:32:29,7.9,31,146.7,6.2366
2017/9/11 19:32:30,7.9,31,146.7,6.217
2017/9/11 19:32:31,7.9,31,146.7,6.2173
2017/9/11 19:32:32,7.9,31,146.7,6.2267
2017/9/11 19:32:33,7.9,31,146.6,6.2258
2017/9/11 19:32:34,7.9,31,146.6,6.2258
2017/9/11 19:32:35,7.9,31,146.5,6.2282
2017/9/11 19:32:36,7.9,31,146.4,6.2246
2017/9/11 19:32:38,7.9,31,146.3,6.2082
2017/9/11 19:32:39,7.9,31,146.3,6.217
2017/9/11 19:32:40,7.9,31,146.3,6.2243
2017/9/11 19:32:41,7.9,31,146.4,6.229
2017/9/11 19:32:42,7.9,31,146.4,6.2314
2017/9/11 19:32:43,7.9,31,146.5,6.2167
2017/9/11 19:32:44,7.9,31,146.5,6.2185
2017/9/11 19:32:45,7.9,31,146.6,6.2205
2017/9/11 19:32:46,7.9,31,146.6,6.2241
2017/9/11 19:32:47,7.9,31,146.5,6.2296
2017/9/11 19:32:48,7.9,31,146.6,6.2273
2017/9/11 19:32:49,7.9,31,146.6,6.2094
2017/9/11 19:32:50,7.9,31,146.6,6.2223
2017/9/11 19:32:51,7.9,31,146.7,6.2264
2017/9/11 19:32:52,7.9,31,146.6,6.2264
2017/9/11 19:32:53,7.9,31,146.6,6.227
2017/9/11 19:32:54,7.9,31,146.6,6.2317
2017/9/11 19:32:55,7.9,31,146.6,6.2115
2017/9/11 19:32:56,7.9,31,146.6,6.2126
2017/9/11 19:32:57,7.9,31,146.5,6.2261
2017/9/11 19:32:58,7.9,31,146.1,6.2258
2017/9/11 19:32:59,7.9,31,145.8,6.2293
2017/9/11 19:33:00,7.9,31,145.5,6.222
2017/9/11 19:33:02,7.9,31,145.3,6.2071
2017/9/11 19:33:03,7.9,31,145.6,6.2202
2017/9/11 19:33:04,7.9,31,145.9,6.227
2017/9/11 19:33:05,7.9,31,146.1,6.2284
2017/9/11 19:33:06,7.9,31,146.4,6.2305
2017/9/11 19:33:07,7.9,31,146.4,6.2126
2017/9/11 19:33:08,7.9,31,146.4,6.2126
2017/9/11 19:33:09,7.9,31,146.4,6.2241
2017/9/11 19:33:10,7.9,31,146.3,6.2241
2017/9/11 19:33:11,7.9,31,146.2,6.2273
2017/9/11 19:33:12,7.9,31,146.2,6.2282
2017/9/11 19:33:13,7.9,31,146.2,6.2261
2017/9/11 19:33:14,7.9,31,146.3,6.2077
2017/9/11 19:33:15,7.9,31,146.3,6.2176
2017/9/11 19:33:16,7.9,31,146.4,6.2226
2017/9/11 19:33:17,7.9,31,146.5,6.2258
2017/9/11 19:33:18,7.9,31,146.5,6.2325
2017/9/11 19:33:19,7.9,31,146.6,6.2144
2017/9/11 19:33:20,7.9,31,146.6,6.2118
2017/9/11 19:33:21,7.9,31,146.6,6.2232
2017/9/11 19:33:22,7.9,31,146.6,6.2238
2017/9/11 19:33:23,7.9,31,146.7,6.229
2017/9/11 19:33:24,7.9,31,146.6,6.2273
2017/9/11 19:33:26,7.9,31,146.6,6.2082
2017/9/11 19:33:27,7.9,31,146.6,6.2082
2017/9/11 19:33:28,7.9,31,146.6,6.2185
2017/9/11 19:33:29,7.9,31,146.6,6.2246
2017/9/11 19:33:30,7.9,31,146.6,6.2273
2017/9/11 19:33:31,7.9,31,146.6,6.2279
2017/9/11 19:33:32,7.9,31,146.6,6.2106
2017/9/11 19:33:33,7.9,31,146.6,6.2068
2017/9/11 19:33:34,7.9,31,146.6,6.2226
2017/9/11 19:33:35,7.9,31,146.6,6.2232
2017/9/11 19:33:36,7.9,31,146.6,6.2284
2017/9/11 19:33:37,7.9,31,146.6,6.227
2017/9/11 19:33:38,7.9,31,146.6,6.2065
2017/9/11 19:33:39,7.9,31,146.6,6.2176
2017/9/11 19:33:40,7.9,31,146.5,6.2246
2017/9/11 19:33:41,7.9,31,146.5,6.2252
2017/9/11 19:33:42,7.9,31,146.5,6.229
2017/9/11 19:33:43,7.9,31,146.5,6.2132
2017/9/11 19:33:44,7.9,31,146.4,6.2132
2017/9/11 19:33:45,7.9,31,146.4,6.2097
2017/9/11 19:33:46,7.9,31,146.5,6.2252
2017/9/11 19:33:47,7.9,31,146.4,6.2238
2017/9/11 19:33:48,7.9,31,146.4,6.2267
2017/9/11 19:33:49,7.9,31,146.3,6.227
2017/9/11 19:33:51,7.9,31,146.3,6.2065
2017/9/11 19:33:52,7.9,31,146.3,6.2118
2017/9/11 19:33:53,7.9,31,146.3,6.2217
2017/9/11 19:33:54,7.9,31,146.4,6.2252
2017/9/11 19:33:55,7.9,31,146.3,6.2287
2017/9/11 19:33:56,7.9,31,146.4,6.2138
2017/9/11 19:33:57,7.9,31,146.5,6.2053
2017/9/11 19:33:58,7.9,31,146.1,6.2179
2017/9/11 19:33:59,7.9,31,145.8,6.2223
2017/9/11 19:34:00,7.9,31,145.5,6.2249
2017/9/11 19:34:01,7.9,31,145.1,6.2255
2017/9/11 19:34:02,7.9,31,145.5,6.2255
2017/9/11 19:34:03,7.9,31,145.8,6.2027
2017/9/11 19:34:04,7.9,31,146.1,6.2103
2017/9/11 19:34:05,7.9,31,146.4,6.2202
2017/9/11 19:34:06,7.9,31,146.6,6.2223
2017/9/11 19:34:07,7.9,31,146.6,6.2267
2017/9/11 19:34:08,7.9,31,146.6,6.2153
2017/9/11 19:34:09,7.9,31,146.6,6.2068
2017/9/11 19:34:10,7.9,31,146.6,6.2202
2017/9/11 19:34:11,7.9,31,146.6,6.2214
2017/9/11 19:34:12,7.9,31,146.5,6.2217
2017/9/11 19:34:13,7.9,31,146.6,6.2243
2017/9/11 19:34:14,7.9,31,146.5,6.2036
2017/9/11 19:34:16,7.9,31,146.5,6.212
2017/9/11 19:34:17,7.9,31,146.5,6.22
2017/9/11 19:34:18,7.9,31,146.6,6.22
2017/9/11 19:34:19,7.9,31,146.5,6.22
2017/9/11 19:34:20,7.9,31,146.4,6.2246
2017/9/12 19:34:20,7.4,28.31,134.6,7.2
2017/9/13 19:34:20,7.4,28.31,134.6,7.2
2017/9/14 19:34:20,7.4,28.31,134.6,7.2
2017/9/15 19:34:20,7.4,28.31,134.6,7.2
2017/9/16 19:34:20,7.4,28.31,134.6,7.2
2017/9/17 19:34:20,7.4,28.31,134.6,7.2
2017/9/18 19:34:20,7.4,28.31,134.6,7.2
2017/9/19 19:34:20,7.4,28.31,134.6,7.2
2017/9/20 19:34:20,7.4,28.31,134.6,7.2