"6.5304";"2017-01-12 17:34:42"
"1.2972";"2017-01-12 17:34:53"
"6.5482";"2017-01-12 17:35:13"
"6.5304";"2017-01-12 17:35:42"
"6.6016";"2017-01-12 17:39:29"
"6.566";"2017-01-12 17:39:54"
"6.5482";"2017-01-12 17:40:03"
"6.5482";"2017-01-12 17:40:59"
"6.566";"2017-01-12 17:41:09"
"6.5482";"2017-01-12 17:41:35"
"6.5126";"2017-01-12 17:44:31"
"1.2082";"2017-01-12 17:46:51"
"6.5126";"2017-01-12 17:47:49"
"6.477";"2017-01-12 17:55:37"
"6.4414";"2017-01-12 17:57:35"
"6.4414";"2017-01-12 17:58:17"
"6.4414";"2017-01-12 17:59:03"
"6.4236";"2017-01-12 18:01:06"
"6.3702";"2017-01-12 18:03:05"
"-1.8534";"2017-01-12 18:04:35"
"6.3346";"2017-01-12 18:08:41"
"6.2812";"2017-01-12 18:10:21"
"6.299";"2017-01-12 18:10:59"
"6.3168";"2017-01-12 18:12:21"
"6.3346";"2017-01-12 18:12:33"
"1.2082";"2017-01-12 18:14:07"
"3.5222";"2017-01-12 18:16:00"
"6.299";"2017-01-12 18:17:11"
"6.2812";"2017-01-12 18:19:50"
"6.299";"2017-01-12 18:20:14"
"6.3168";"2017-01-12 18:21:40"
"6.3168";"2017-01-12 18:22:24"
"6.3346";"2017-01-12 18:23:04"
"6.3168";"2017-01-12 18:23:47"
"6.2812";"2017-01-12 18:24:31"
"6.299";"2017-01-12 18:26:03"
"6.3168";"2017-01-12 18:30:42"
"6.2278";"2017-01-12 18:35:38"
"6.2634";"2017-01-12 18:36:05"
"6.2278";"2017-01-12 18:38:55"
"1.226";"2017-01-12 18:41:57"
"6.21";"2017-01-12 18:42:15"
"1.1904";"2017-01-12 18:44:22"
"6.2456";"2017-01-12 18:44:55"
"6.2456";"2017-01-12 18:45:33"
"5.7472";"2017-01-12 18:46:11"
"6.2634";"2017-01-12 18:47:04"
"6.2456";"2017-01-12 18:48:42"
"6.2278";"2017-01-12 18:49:34"
"5.7472";"2017-01-12 18:51:15"
"6.21";"2017-01-12 18:51:57"
"6.1744";"2017-01-12 18:53:25"
"6.1744";"2017-01-12 18:54:47"
"10.1972";"2017-01-12 18:56:17"
"6.1566";"2017-01-12 18:56:44"
"-1.5686";"2017-01-12 18:57:23"
"6.1744";"2017-01-12 18:59:04"
"6.1566";"2017-01-12 19:00:54"
"6.1744";"2017-01-12 19:03:36"
"6.1388";"2017-01-12 19:06:37"
"6.1566";"2017-01-12 19:06:38"
"6.1388";"2017-01-12 19:07:19"
"6.1566";"2017-01-12 19:07:37"
"6.1566";"2017-01-12 19:07:38"
"6.1388";"2017-01-12 19:08:35"
"1.1904";"2017-01-12 19:13:08"
"6.1388";"2017-01-12 19:13:50"
"-1.8534";"2017-01-12 19:15:18"
"6.0676";"2017-01-12 19:17:30"
"6.0854";"2017-01-12 19:19:14"
"6.1032";"2017-01-12 19:20:43"
"6.1032";"2017-01-12 19:21:03"
"6.121";"2017-01-12 19:23:44"
"6.0676";"2017-01-12 19:30:19"
"6.1032";"2017-01-12 19:31:26"
"1.2972";"2017-01-12 19:33:51"
"6.0676";"2017-01-12 19:35:49"
"6.0676";"2017-01-12 19:37:18"
"6.0498";"2017-01-12 19:37:37"
"6.0854";"2017-01-12 19:37:38"
"6.0676";"2017-01-12 19:39:07"
"6.0498";"2017-01-12 19:40:31"
"6.0498";"2017-01-12 19:42:25"
"6.032";"2017-01-12 19:43:45"
"6.0498";"2017-01-12 19:47:54"
"6.0498";"2017-01-12 19:48:57"
"1.2972";"2017-01-12 19:49:19"
"6.0854";"2017-01-12 19:50:02"
"6.0854";"2017-01-12 19:51:58"
"6.032";"2017-01-12 19:53:09"
"1.2972";"2017-01-12 19:56:06"
"6.6194";"2017-01-19 14:50:17"
"6.7796";"2017-01-19 14:50:22"
"6.6016";"2017-01-19 14:50:23"
"6.4236";"2017-01-19 14:51:04"
"-1.3194";"2017-01-19 14:51:05"
"-1.6932";"2017-01-19 14:51:26"
"-1.4618";"2017-01-19 14:51:27"
"-1.6754";"2017-01-19 14:51:39"
"-1.4974";"2017-01-19 14:51:40"
"-1.8534";"2017-01-19 14:51:41"
"-1.6754";"2017-01-19 14:51:44"
"5.142";"2017-01-19 14:51:45"
"4.8928";"2017-01-19 14:52:00"
"-1.3194";"2017-01-19 14:52:01"
"-1.8712";"2017-01-19 14:52:02"
"-1.4974";"2017-01-19 14:52:03"
"-1.6754";"2017-01-19 14:52:04"
"6.1922";"2017-01-19 14:52:05"
"6.388";"2017-01-19 14:52:06"
"6.3524";"2017-01-19 14:52:07"
"6.3168";"2017-01-19 14:52:08"
"5.9608";"2017-01-19 14:52:09"
"5.943";"2017-01-19 14:52:10"
"6.2812";"2017-01-19 14:52:11"
"6.299";"2017-01-19 14:52:12"
"5.9786";"2017-01-19 14:52:13"
"5.943";"2017-01-19 14:52:14"
"6.4058";"2017-01-19 14:52:15"
"6.388";"2017-01-19 14:52:16"
"6.3168";"2017-01-19 14:52:17"
"6.2812";"2017-01-19 14:52:18"
"6.0854";"2017-01-19 14:52:19"
"6.032";"2017-01-19 14:52:20"
"5.9786";"2017-01-19 14:52:21"
"5.943";"2017-01-19 14:52:22"
"5.943";"2017-01-19 14:52:23"
"5.9608";"2017-01-19 14:52:24"
"5.9964";"2017-01-19 14:52:25"
"6.0498";"2017-01-19 14:52:26"
"6.0854";"2017-01-19 14:52:27"
"6.3524";"2017-01-19 14:52:28"
"6.1032";"2017-01-19 14:52:29"
"6.299";"2017-01-19 14:52:30"
"6.0676";"2017-01-19 14:52:31"
"6.2634";"2017-01-19 14:52:32"
"6.3702";"2017-01-19 14:52:33"
"6.3524";"2017-01-19 14:52:34"
"6.3702";"2017-01-19 14:52:35"
"5.943";"2017-01-19 14:52:36"
"6.388";"2017-01-19 14:52:37"
"6.4058";"2017-01-19 14:52:38"
"6.4414";"2017-01-19 14:52:39"
"5.9786";"2017-01-19 14:52:40"
"6.4058";"2017-01-19 14:52:41"
"5.9786";"2017-01-19 14:52:42"
"6.388";"2017-01-19 14:52:43"
"6.3702";"2017-01-19 14:52:44"
"6.032";"2017-01-19 14:52:45"
"6.0498";"2017-01-19 14:52:46"
"6.2634";"2017-01-19 14:52:47"
"6.1032";"2017-01-19 14:52:48"
"6.0498";"2017-01-19 14:52:49"
"6.2812";"2017-01-19 14:52:50"
"6.0854";"2017-01-19 14:52:51"
"6.299";"2017-01-19 14:52:52"
"5.9964";"2017-01-19 14:52:53"
"6.3702";"2017-01-19 14:52:54"
"6.4058";"2017-01-19 14:52:55"
"6.4236";"2017-01-19 14:52:56"
"6.4414";"2017-01-19 14:52:57"
"6.4414";"2017-01-19 14:52:58"
"6.4058";"2017-01-19 14:52:59"
"6.3702";"2017-01-19 14:53:00"
"6.3702";"2017-01-19 14:53:01"
"6.2812";"2017-01-19 14:53:02"
"6.0854";"2017-01-19 14:53:03"
"6.3168";"2017-01-19 14:53:04"
"6.2812";"2017-01-19 14:53:05"
"6.1032";"2017-01-19 14:53:06"
"6.0854";"2017-01-19 14:53:07"
"6.0854";"2017-01-19 14:53:08"
"6.0676";"2017-01-19 14:53:09"
"6.0498";"2017-01-19 14:53:10"
"6.3168";"2017-01-19 14:53:11"
"5.9786";"2017-01-19 14:53:12"
"6.3524";"2017-01-19 14:53:13"
"5.9964";"2017-01-19 14:53:14"
"6.3702";"2017-01-19 14:53:15"
"6.4058";"2017-01-19 14:53:16"
"6.4236";"2017-01-19 14:53:17"
"6.4236";"2017-01-19 14:53:18"
"6.4236";"2017-01-19 14:53:19"
"5.943";"2017-01-19 14:53:20"
"5.943";"2017-01-19 14:53:21"
"6.4058";"2017-01-19 14:53:22"
"5.9252";"2017-01-19 14:53:23"
"6.4058";"2017-01-19 14:53:24"
"6.4058";"2017-01-19 14:53:25"
"6.4236";"2017-01-19 14:53:26"
"5.943";"2017-01-19 14:53:27"
"5.9252";"2017-01-19 14:53:28"
"5.943";"2017-01-19 14:53:29"
"5.943";"2017-01-19 14:53:30"
"6.4236";"2017-01-19 14:53:31"
"5.9786";"2017-01-19 14:53:32"
"5.9964";"2017-01-19 14:53:33"
"6.032";"2017-01-19 14:53:34"
"6.0854";"2017-01-19 14:53:35"
"6.299";"2017-01-19 14:53:36"
"6.1566";"2017-01-19 14:53:37"
"6.3168";"2017-01-19 14:53:38"
"6.3524";"2017-01-19 14:53:39"
"6.4058";"2017-01-19 14:53:40"
"6.4236";"2017-01-19 14:53:41"
"6.4236";"2017-01-19 14:53:42"
"6.4058";"2017-01-19 14:53:43"
"6.3168";"2017-01-19 14:53:44"
"6.0854";"2017-01-19 14:53:45"
"6.0142";"2017-01-19 14:53:46"
"6.032";"2017-01-19 14:53:47"
"5.9964";"2017-01-19 14:53:48"
"6.3702";"2017-01-19 14:53:49"
"5.943";"2017-01-19 14:53:50"
"6.4058";"2017-01-19 14:53:51"
"5.9252";"2017-01-19 14:53:52"
"6.388";"2017-01-19 14:53:53"
"6.0498";"2017-01-19 14:53:54"
"6.032";"2017-01-19 14:53:55"
"6.0142";"2017-01-19 14:53:56"
"6.2812";"2017-01-19 14:53:57"
"6.2812";"2017-01-19 14:53:58"
"6.0854";"2017-01-19 14:53:59"
"6.0676";"2017-01-19 14:54:00"
"6.0142";"2017-01-19 14:54:01"
"5.9786";"2017-01-19 14:54:02"
"6.4058";"2017-01-19 14:54:03"
"5.943";"2017-01-19 14:54:04"
"5.943";"2017-01-19 14:54:05"
"6.032";"2017-01-19 14:54:06"
"5.9964";"2017-01-19 14:54:07"
"6.032";"2017-01-19 14:54:08"
"6.2812";"2017-01-19 14:54:09"
"6.299";"2017-01-19 14:54:10"
"6.0854";"2017-01-19 14:54:11"
"6.2812";"2017-01-19 14:54:12"
"6.0676";"2017-01-19 14:54:13"
"6.299";"2017-01-19 14:54:14"
"6.2634";"2017-01-19 14:54:15"
"6.0498";"2017-01-19 14:54:16"
"6.0142";"2017-01-19 14:54:17"
"6.3524";"2017-01-19 14:54:18"
"5.9964";"2017-01-19 14:54:19"
"5.9608";"2017-01-19 14:54:20"
"5.9608";"2017-01-19 14:54:21"
"5.943";"2017-01-19 14:54:22"
"5.943";"2017-01-19 14:54:23"
"5.9074";"2017-01-19 14:54:24"
"5.9252";"2017-01-19 14:54:25"
"5.9252";"2017-01-19 14:54:26"
"5.943";"2017-01-19 14:54:27"
"5.9786";"2017-01-19 14:54:28"
"5.9786";"2017-01-19 14:54:29"
"5.9786";"2017-01-19 14:54:30"
"6.3168";"2017-01-19 14:54:31"
"6.0142";"2017-01-19 14:54:32"
"6.032";"2017-01-19 14:54:33"
"6.0498";"2017-01-19 14:54:34"
"6.3346";"2017-01-19 14:54:35"
"6.0676";"2017-01-19 14:54:36"
"6.2812";"2017-01-19 14:54:37"
"6.0676";"2017-01-19 14:54:38"
"6.0854";"2017-01-19 14:54:39"
"6.0676";"2017-01-19 14:54:40"
"6.032";"2017-01-19 14:54:41"
"6.0142";"2017-01-19 14:54:42"
"5.9964";"2017-01-19 14:54:43"
"6.3346";"2017-01-19 14:54:44"
"5.943";"2017-01-19 14:54:45"
"5.943";"2017-01-19 14:54:46"
"6.4058";"2017-01-19 14:54:47"
"5.9074";"2017-01-19 14:54:48"
"5.8718";"2017-01-19 14:54:49"
"5.8718";"2017-01-19 14:54:50"
"5.8896";"2017-01-19 14:54:51"
"5.8896";"2017-01-19 14:54:52"
"5.9252";"2017-01-19 14:54:53"
"6.3346";"2017-01-19 14:54:54"
"6.3168";"2017-01-19 14:54:55"
"5.9252";"2017-01-19 14:54:56"
"6.2812";"2017-01-19 14:54:57"
"6.2812";"2017-01-19 14:54:58"
"5.9608";"2017-01-19 14:54:59"
"6.2634";"2017-01-19 14:55:00"
"5.943";"2017-01-19 14:55:01"
"6.2812";"2017-01-19 14:55:02"
"6.299";"2017-01-19 14:55:03"
"6.299";"2017-01-19 14:55:04"
"6.3168";"2017-01-19 14:55:05"
"6.3168";"2017-01-19 14:55:06"
"5.9608";"2017-01-19 14:55:07"
"6.3168";"2017-01-19 14:55:08"
"6.3168";"2017-01-19 14:55:09"
"6.3168";"2017-01-19 14:55:10"
"6.3346";"2017-01-19 14:55:11"
"5.9786";"2017-01-19 14:55:12"
"6.3524";"2017-01-19 14:55:13"
"6.3524";"2017-01-19 14:55:14"
"6.3524";"2017-01-19 14:55:15"
"6.3524";"2017-01-19 14:55:16"
"6.3702";"2017-01-19 14:55:17"
"5.9074";"2017-01-19 14:55:18"
"6.3702";"2017-01-19 14:55:19"
"6.388";"2017-01-19 14:55:20"
"5.9074";"2017-01-19 14:55:21"
"5.8896";"2017-01-19 14:55:22"
"6.388";"2017-01-19 14:55:23"
"6.3702";"2017-01-19 14:55:24"
"5.9074";"2017-01-19 14:55:25"
"6.3346";"2017-01-19 14:55:26"
"5.9252";"2017-01-19 14:55:27"
"5.9608";"2017-01-19 14:55:28"
"6.299";"2017-01-19 14:55:29"
"6.3346";"2017-01-19 14:55:30"
"6.21";"2017-01-19 14:55:31"
"6.032";"2017-01-19 14:55:32"
"6.2278";"2017-01-19 14:55:33"
"6.0676";"2017-01-19 14:55:34"
"6.2278";"2017-01-19 14:55:35"
"6.2278";"2017-01-19 14:55:36"
"6.0142";"2017-01-19 14:55:37"
"5.9964";"2017-01-19 14:55:38"
"6.21";"2017-01-19 14:55:39"
"5.9608";"2017-01-19 14:55:40"
"6.2278";"2017-01-19 14:55:41"
"6.032";"2017-01-19 14:55:42"
"6.0142";"2017-01-19 14:55:43"
"6.0142";"2017-01-19 14:55:44"
"6.2278";"2017-01-19 14:55:45"
"6.0142";"2017-01-19 14:55:46"
"6.2812";"2017-01-19 14:55:47"
"5.943";"2017-01-19 14:55:48"
"5.9252";"2017-01-19 14:55:49"
"5.8896";"2017-01-19 14:55:50"
"5.8718";"2017-01-19 14:55:51"
"5.8718";"2017-01-19 14:55:52"
"5.854";"2017-01-19 14:55:53"
"5.854";"2017-01-19 14:55:54"
"6.3346";"2017-01-19 14:55:55"
"5.8718";"2017-01-19 14:55:56"
"6.3168";"2017-01-19 14:55:57"
"5.943";"2017-01-19 14:55:58"
"6.0142";"2017-01-19 14:55:59"
"6.1922";"2017-01-19 14:56:00"
"6.21";"2017-01-19 14:56:01"
"6.299";"2017-01-19 14:56:02"
"6.2278";"2017-01-19 14:56:03"
"6.2278";"2017-01-19 14:56:04"
"6.2278";"2017-01-19 14:56:05"
"6.21";"2017-01-19 14:56:06"
"6.1922";"2017-01-19 14:56:07"
"5.9074";"2017-01-19 14:56:08"
"6.21";"2017-01-19 14:56:09"
"6.0142";"2017-01-19 14:56:10"
"6.1744";"2017-01-19 14:56:11"
"6.0142";"2017-01-19 14:56:12"
"6.2634";"2017-01-19 14:56:13"
"6.3346";"2017-01-19 14:56:14"
"6.3524";"2017-01-19 14:56:15"
"5.854";"2017-01-19 14:56:16"
"6.3346";"2017-01-19 14:56:17"
"5.943";"2017-01-19 14:56:18"
"6.1922";"2017-01-19 14:56:19"
"5.9964";"2017-01-19 14:56:20"
"5.8718";"2017-01-19 14:56:21"
"5.854";"2017-01-19 14:56:22"
"5.9074";"2017-01-19 14:56:23"
"6.1922";"2017-01-19 14:56:24"
"6.0498";"2017-01-19 14:56:25"
"6.299";"2017-01-19 14:56:26"
"6.3524";"2017-01-19 14:56:27"
"6.3524";"2017-01-19 14:56:28"
"6.2812";"2017-01-19 14:56:29"
"6.2456";"2017-01-19 14:56:30"
"5.9964";"2017-01-19 14:56:31"
"6.1744";"2017-01-19 14:56:32"
"5.9252";"2017-01-19 14:56:33"
"6.3168";"2017-01-19 14:56:34"
"5.854";"2017-01-19 14:56:35"
"5.8718";"2017-01-19 14:56:36"
"5.9252";"2017-01-19 14:56:37"
"5.9964";"2017-01-19 14:56:38"
"6.1922";"2017-01-19 14:56:39"
"5.9964";"2017-01-19 14:56:40"
"6.1922";"2017-01-19 14:56:41"
"6.2634";"2017-01-19 14:56:42"
"6.2634";"2017-01-19 14:56:43"
"6.2812";"2017-01-19 14:56:44"
"6.299";"2017-01-19 14:56:45"
"6.3524";"2017-01-19 14:56:46"
"6.3346";"2017-01-19 14:56:47"
"5.854";"2017-01-19 14:56:48"
"6.3524";"2017-01-19 14:56:49"
"6.3524";"2017-01-19 14:56:50"
"6.3524";"2017-01-19 14:56:51"
"6.3524";"2017-01-19 14:56:52"
"6.3524";"2017-01-19 14:56:53"
"6.3524";"2017-01-19 14:56:54"
"5.8718";"2017-01-19 14:56:55"
"5.8896";"2017-01-19 14:56:56"
"5.9074";"2017-01-19 14:56:57"
"5.943";"2017-01-19 14:56:58"
"6.2456";"2017-01-19 14:56:59"
"6.2634";"2017-01-19 14:57:00"
"5.9964";"2017-01-19 14:57:01"
"5.9786";"2017-01-19 14:57:02"
"6.1922";"2017-01-19 14:57:03"
"6.1922";"2017-01-19 14:57:04"
"6.2278";"2017-01-19 14:57:05"
"5.8718";"2017-01-19 14:57:06"
"6.3168";"2017-01-19 14:57:07"
"6.3346";"2017-01-19 14:57:08"
"6.3346";"2017-01-19 14:57:09"
"6.2812";"2017-01-19 14:57:10"
"5.8718";"2017-01-19 14:57:11"
"6.1922";"2017-01-19 14:57:12"
"6.21";"2017-01-19 14:57:13"
"6.1922";"2017-01-19 14:57:14"
"5.9964";"2017-01-19 14:57:15"
"6.299";"2017-01-19 14:57:16"
"6.3524";"2017-01-19 14:57:17"
"6.3346";"2017-01-19 14:57:18"
"6.3346";"2017-01-19 14:57:19"
"5.8362";"2017-01-19 14:57:20"
"6.3524";"2017-01-19 14:57:21"
"6.3346";"2017-01-19 14:57:22"
"6.3346";"2017-01-19 14:57:23"
"6.3346";"2017-01-19 14:57:24"
"6.3346";"2017-01-19 14:57:25"
"6.3168";"2017-01-19 14:57:26"
"6.299";"2017-01-19 14:57:27"
"6.2812";"2017-01-19 14:57:28"
"6.2456";"2017-01-19 14:57:29"
"6.2278";"2017-01-19 14:57:30"
"6.1922";"2017-01-19 14:57:31"
"6.1922";"2017-01-19 14:57:32"
"5.9608";"2017-01-19 14:57:33"
"6.21";"2017-01-19 14:57:34"
"6.2634";"2017-01-19 14:57:35"
"6.2278";"2017-01-19 14:57:36"
"5.9252";"2017-01-19 14:57:37"
"5.9074";"2017-01-19 14:57:38"
"6.2634";"2017-01-19 14:57:39"
"5.9074";"2017-01-19 14:57:40"
"6.2812";"2017-01-19 14:57:41"
"6.299";"2017-01-19 14:57:42"
"5.8718";"2017-01-19 14:57:43"
"6.3168";"2017-01-19 14:57:44"
"5.854";"2017-01-19 14:57:45"
"6.3524";"2017-01-19 14:57:46"
"6.3346";"2017-01-19 14:57:47"
"5.854";"2017-01-19 14:57:48"
"6.3346";"2017-01-19 14:57:49"
"5.9074";"2017-01-19 14:57:50"
"5.9786";"2017-01-19 14:57:51"
"5.943";"2017-01-19 14:57:52"
"5.9608";"2017-01-19 14:57:53"
"5.9786";"2017-01-19 14:57:54"
"5.9786";"2017-01-19 14:57:55"
"5.9608";"2017-01-19 14:57:56"
"6.21";"2017-01-19 14:57:57"
"5.9608";"2017-01-19 14:57:58"
"5.9252";"2017-01-19 14:57:59"
"6.1744";"2017-01-19 14:58:00"
"6.2634";"2017-01-19 14:58:01"
"5.9964";"2017-01-19 14:58:02"
"6.1922";"2017-01-19 14:58:03"
"6.1744";"2017-01-19 14:58:04"
"6.1922";"2017-01-19 14:58:05"
"6.2634";"2017-01-19 14:58:06"
"6.2456";"2017-01-19 14:58:07"
"6.2634";"2017-01-19 14:58:08"
"6.2812";"2017-01-19 14:58:09"
"5.8896";"2017-01-19 14:58:10"
"5.8362";"2017-01-19 14:58:11"
"5.8006";"2017-01-19 14:58:12"
"5.854";"2017-01-19 14:58:13"
"6.2456";"2017-01-19 14:58:14"
"6.1922";"2017-01-19 14:58:15"
"6.1566";"2017-01-19 14:58:16"
"5.9608";"2017-01-19 14:58:17"
"5.9608";"2017-01-19 14:58:18"
"5.9964";"2017-01-19 14:58:19"
"6.1744";"2017-01-19 14:58:20"
"5.9786";"2017-01-19 14:58:21"
"5.9786";"2017-01-19 14:58:22"
"5.9608";"2017-01-19 14:58:23"
"5.943";"2017-01-19 14:58:24"
"6.1388";"2017-01-19 14:58:25"
"5.9252";"2017-01-19 14:58:26"
"6.1566";"2017-01-19 14:58:27"
"6.1566";"2017-01-19 14:58:28"
"5.9074";"2017-01-19 14:58:29"
"6.21";"2017-01-19 14:58:30"
"6.2278";"2017-01-19 14:58:31"
"6.2634";"2017-01-19 14:58:32"
"6.2456";"2017-01-19 14:58:33"
"6.299";"2017-01-19 14:58:34"
"6.3168";"2017-01-19 14:58:35"
"6.3168";"2017-01-19 14:58:36"
"6.3168";"2017-01-19 14:58:37"
"6.3346";"2017-01-19 14:58:38"
"6.299";"2017-01-19 14:58:39"
"6.2812";"2017-01-19 14:58:40"
"6.299";"2017-01-19 14:58:41"
"6.2812";"2017-01-19 14:58:42"
"5.8006";"2017-01-19 14:58:43"
"6.2812";"2017-01-19 14:58:44"
"6.2812";"2017-01-19 14:58:45"
"6.299";"2017-01-19 14:58:46"
"6.2812";"2017-01-19 14:58:47"
"5.7828";"2017-01-19 14:58:48"
"6.299";"2017-01-19 14:58:49"
"6.299";"2017-01-19 14:58:50"
"5.7828";"2017-01-19 14:58:51"
"6.299";"2017-01-19 14:58:52"
"6.299";"2017-01-19 14:58:53"
"6.299";"2017-01-19 14:58:54"
"6.299";"2017-01-19 14:58:55"
"6.2812";"2017-01-19 14:58:56"
"6.2634";"2017-01-19 14:58:57"
"6.2456";"2017-01-19 14:58:58"
"6.21";"2017-01-19 14:58:59"
"6.21";"2017-01-19 14:59:00"
"6.21";"2017-01-19 14:59:01"
"6.1922";"2017-01-19 14:59:02"
"6.1744";"2017-01-19 14:59:03"
"6.1388";"2017-01-19 14:59:04"
"6.1566";"2017-01-19 14:59:05"
"5.9252";"2017-01-19 14:59:06"
"6.0854";"2017-01-19 14:59:07"
"5.943";"2017-01-19 14:59:08"
"5.9252";"2017-01-19 14:59:09"
"6.1566";"2017-01-19 14:59:10"
"5.9252";"2017-01-19 14:59:11"
"6.1566";"2017-01-19 14:59:12"
"5.8896";"2017-01-19 14:59:13"
"6.1744";"2017-01-19 14:59:14"
"6.1744";"2017-01-19 14:59:15"
"5.8718";"2017-01-19 14:59:16"
"6.1744";"2017-01-19 14:59:17"
"6.1922";"2017-01-19 14:59:18"
"5.8896";"2017-01-19 14:59:19"
"6.2278";"2017-01-19 14:59:20"
"5.8184";"2017-01-19 14:59:21"
"5.8006";"2017-01-19 14:59:22"
"6.299";"2017-01-19 14:59:23"
"6.299";"2017-01-19 14:59:24"
"6.299";"2017-01-19 14:59:25"
"5.8006";"2017-01-19 14:59:26"
"5.8006";"2017-01-19 14:59:27"
"6.2456";"2017-01-19 14:59:28"
"5.8184";"2017-01-19 14:59:29"
"6.1388";"2017-01-19 14:59:30"
"6.1566";"2017-01-19 14:59:31"
"5.943";"2017-01-19 14:59:32"
"5.943";"2017-01-19 14:59:33"
"6.21";"2017-01-19 14:59:34"
"5.8184";"2017-01-19 14:59:35"
"5.7828";"2017-01-19 14:59:36"
"6.299";"2017-01-19 14:59:37"
"6.2812";"2017-01-19 14:59:38"
"5.8006";"2017-01-19 14:59:39"
"6.2456";"2017-01-19 14:59:40"
"5.8184";"2017-01-19 14:59:41"
"5.8184";"2017-01-19 14:59:42"
"5.8184";"2017-01-19 14:59:43"
"5.8006";"2017-01-19 14:59:44"
"5.8184";"2017-01-19 14:59:45"
"5.8184";"2017-01-19 14:59:46"
"5.8006";"2017-01-19 14:59:47"
"5.7828";"2017-01-19 14:59:48"
"5.765";"2017-01-19 14:59:49"
"5.765";"2017-01-19 14:59:50"
"6.299";"2017-01-19 14:59:51"
"5.7828";"2017-01-19 14:59:52"
"5.8006";"2017-01-19 14:59:53"
"6.1744";"2017-01-19 14:59:54"
"6.1388";"2017-01-19 14:59:55"
"6.1388";"2017-01-19 14:59:56"
"5.8006";"2017-01-19 14:59:57"
"6.0854";"2017-01-19 14:59:58"
"5.8362";"2017-01-19 14:59:59"
"5.854";"2017-01-19 15:00:00"
"6.0854";"2017-01-19 15:00:01"
"6.1388";"2017-01-19 15:00:02"
"5.854";"2017-01-19 15:00:03"
"6.1566";"2017-01-19 15:00:04"
"6.21";"2017-01-19 15:00:05"
"6.1744";"2017-01-19 15:00:06"
"6.21";"2017-01-19 15:00:07"
"5.6938";"2017-01-19 15:00:08"
"6.2278";"2017-01-19 15:00:09"
"6.21";"2017-01-19 15:00:10"
"6.1744";"2017-01-19 15:00:11"
"6.1388";"2017-01-19 15:00:12"
"6.0854";"2017-01-19 15:00:13"
"6.0676";"2017-01-19 15:00:14"
"5.854";"2017-01-19 15:00:15"
"6.3168";"2017-01-19 15:00:16"
"6.2278";"2017-01-19 15:00:17"
"5.9786";"2017-01-19 15:00:18"
"5.943";"2017-01-19 15:00:19"
"5.9074";"2017-01-19 15:00:20"
"5.8896";"2017-01-19 15:00:21"
"5.8896";"2017-01-19 15:00:22"
"5.8896";"2017-01-19 15:00:23"
"5.8896";"2017-01-19 15:00:24"
"5.7472";"2017-01-19 15:00:25"
"5.765";"2017-01-19 15:00:26"
"5.9608";"2017-01-19 15:00:27"
"5.8184";"2017-01-19 15:00:28"
"6.1032";"2017-01-19 15:00:29"
"6.1744";"2017-01-19 15:00:30"
"6.1922";"2017-01-19 15:00:31"
"5.9608";"2017-01-19 15:00:32"
"5.9074";"2017-01-19 15:00:33"
"5.9786";"2017-01-19 15:00:34"
"5.8006";"2017-01-19 15:00:35"
"6.0142";"2017-01-19 15:00:36"
"5.8362";"2017-01-19 15:00:37"
"5.8184";"2017-01-19 15:00:38"
"6.1922";"2017-01-19 15:00:39"
"6.1566";"2017-01-19 15:00:40"
"5.7116";"2017-01-19 15:00:41"
"5.6938";"2017-01-19 15:00:42"
"6.21";"2017-01-19 15:00:43"
"5.676";"2017-01-19 15:00:44"
"5.7116";"2017-01-19 15:00:45"
"6.1566";"2017-01-19 15:00:46"
"5.7472";"2017-01-19 15:00:47"
"6.1032";"2017-01-19 15:00:48"
"6.0498";"2017-01-19 15:00:49"
"6.121";"2017-01-19 15:00:50"
"5.8184";"2017-01-19 15:00:51"
"5.854";"2017-01-19 15:00:52"
"5.765";"2017-01-19 15:00:53"
"5.7116";"2017-01-19 15:00:54"
"5.7116";"2017-01-19 15:00:55"
"5.7116";"2017-01-19 15:00:56"
"5.8006";"2017-01-19 15:00:57"
"5.8718";"2017-01-19 15:00:58"
"6.0676";"2017-01-19 15:00:59"
"6.1744";"2017-01-19 15:01:00"
"5.6938";"2017-01-19 15:01:01"
"5.765";"2017-01-19 15:01:02"
"6.0676";"2017-01-19 15:01:03"
"5.854";"2017-01-19 15:01:04"
"5.7828";"2017-01-19 15:01:05"
"5.6938";"2017-01-19 15:01:06"
"6.1744";"2017-01-19 15:01:07"
"6.0676";"2017-01-19 15:01:08"
"5.9786";"2017-01-19 15:01:09"
"6.121";"2017-01-19 15:01:10"
"5.6938";"2017-01-19 15:01:11"
"6.1566";"2017-01-19 15:01:12"
"6.0676";"2017-01-19 15:01:13"
"5.8718";"2017-01-19 15:01:14"
"6.1744";"2017-01-19 15:01:15"
"6.2278";"2017-01-19 15:01:16"
"6.1566";"2017-01-19 15:01:17"
"5.8006";"2017-01-19 15:01:18"
"5.7828";"2017-01-19 15:01:19"
"5.8362";"2017-01-19 15:01:20"
"5.7472";"2017-01-19 15:01:21"
"5.7116";"2017-01-19 15:01:22"
"5.676";"2017-01-19 15:01:23"
"5.6938";"2017-01-19 15:01:24"
"5.7294";"2017-01-19 15:01:25"
"5.7828";"2017-01-19 15:01:26"
"6.0676";"2017-01-19 15:01:27"
"6.0676";"2017-01-19 15:01:28"
"6.0854";"2017-01-19 15:01:29"
"5.8896";"2017-01-19 15:01:30"
"5.8184";"2017-01-19 15:01:31"
"5.7828";"2017-01-19 15:01:32"
"6.1744";"2017-01-19 15:01:33"
"6.2278";"2017-01-19 15:01:34"
"6.2278";"2017-01-19 15:01:35"
"6.2456";"2017-01-19 15:01:36"
"6.2278";"2017-01-19 15:01:37"
"5.765";"2017-01-19 15:01:38"
"5.765";"2017-01-19 15:01:39"
"5.8006";"2017-01-19 15:01:40"
"5.8362";"2017-01-19 15:01:41"
"6.121";"2017-01-19 15:01:42"
"6.121";"2017-01-19 15:01:43"
"6.0854";"2017-01-19 15:01:44"
"6.0854";"2017-01-19 15:01:45"
"6.1032";"2017-01-19 15:01:46"
"5.854";"2017-01-19 15:01:47"
"6.1032";"2017-01-19 15:01:48"
"6.0498";"2017-01-19 15:01:49"
"6.0854";"2017-01-19 15:01:50"
"6.1388";"2017-01-19 15:01:51"
"6.1744";"2017-01-19 15:01:52"
"5.8006";"2017-01-19 15:01:53"
"5.7116";"2017-01-19 15:01:54"
"6.2456";"2017-01-19 15:01:55"
"6.2634";"2017-01-19 15:01:56"
"5.7472";"2017-01-19 15:01:57"
"5.7294";"2017-01-19 15:01:58"
"6.2278";"2017-01-19 15:01:59"
"6.1744";"2017-01-19 15:02:00"
"6.1744";"2017-01-19 15:02:01"
"6.121";"2017-01-19 15:02:02"
"6.1922";"2017-01-19 15:02:03"
"6.1922";"2017-01-19 15:02:04"
"6.21";"2017-01-19 15:02:05"
"5.7294";"2017-01-19 15:02:06"
"5.7828";"2017-01-19 15:02:07"
"5.7472";"2017-01-19 15:02:08"
"6.2278";"2017-01-19 15:02:09"
"6.1922";"2017-01-19 15:02:10"
"6.1744";"2017-01-19 15:02:11"
"6.21";"2017-01-19 15:02:12"
"6.1922";"2017-01-19 15:02:13"
"6.1744";"2017-01-19 15:02:14"
"6.1566";"2017-01-19 15:02:15"
"6.1388";"2017-01-19 15:02:16"
"6.21";"2017-01-19 15:02:17"
"5.943";"2017-01-19 15:02:18"
"5.943";"2017-01-19 15:02:19"
"5.9252";"2017-01-19 15:02:20"
"6.2278";"2017-01-19 15:02:21"
"5.8362";"2017-01-19 15:02:22"
"6.299";"2017-01-19 15:02:23"
"6.299";"2017-01-19 15:02:24"
"6.2634";"2017-01-19 15:02:25"
"6.1744";"2017-01-19 15:02:26"
"5.9608";"2017-01-19 15:02:27"
"5.9252";"2017-01-19 15:02:28"
"6.2634";"2017-01-19 15:02:29"
"5.7828";"2017-01-19 15:02:30"
"5.7828";"2017-01-19 15:02:31"
"6.2456";"2017-01-19 15:02:32"
"5.9252";"2017-01-19 15:02:33"
"6.1388";"2017-01-19 15:02:34"
"6.2278";"2017-01-19 15:02:35"
"6.2812";"2017-01-19 15:02:36"
"6.3168";"2017-01-19 15:02:37"
"6.2456";"2017-01-19 15:02:38"
"6.1922";"2017-01-19 15:02:39"
"6.1744";"2017-01-19 15:02:40"
"6.1566";"2017-01-19 15:02:41"
"5.854";"2017-01-19 15:02:42"
"5.8006";"2017-01-19 15:02:43"
"6.299";"2017-01-19 15:02:44"
"5.8184";"2017-01-19 15:02:45"
"5.9074";"2017-01-19 15:02:46"
"6.121";"2017-01-19 15:02:47"
"6.1388";"2017-01-19 15:02:48"
"5.854";"2017-01-19 15:02:49"
"6.2634";"2017-01-19 15:02:50"
"6.299";"2017-01-19 15:02:51"
"5.8006";"2017-01-19 15:02:52"
"5.8362";"2017-01-19 15:02:53"
"6.2278";"2017-01-19 15:02:54"
"6.1744";"2017-01-19 15:02:55"
"6.1388";"2017-01-19 15:02:56"
"6.1388";"2017-01-19 15:02:57"
"6.1566";"2017-01-19 15:02:58"
"5.9252";"2017-01-19 15:02:59"
"6.1566";"2017-01-19 15:03:00"
"6.1744";"2017-01-19 15:03:01"
"5.8184";"2017-01-19 15:03:02"
"6.2278";"2017-01-19 15:03:03"
"6.2278";"2017-01-19 15:03:04"
"6.2456";"2017-01-19 15:03:05"
"6.2456";"2017-01-19 15:03:06"
"6.2278";"2017-01-19 15:03:07"
"6.2278";"2017-01-19 15:03:08"
"6.2278";"2017-01-19 15:03:09"
"6.2456";"2017-01-19 15:03:10"
"6.2456";"2017-01-19 15:03:11"
"6.2456";"2017-01-19 15:03:12"
"6.2456";"2017-01-19 15:03:13"
"5.8184";"2017-01-19 15:03:14"
"5.8184";"2017-01-19 15:03:15"
"6.2634";"2017-01-19 15:03:16"
"5.8362";"2017-01-19 15:03:17"
"6.2456";"2017-01-19 15:03:18"
"5.854";"2017-01-19 15:03:19"
"6.21";"2017-01-19 15:03:20"
"6.1744";"2017-01-19 15:03:21"
"5.9252";"2017-01-19 15:03:22"
"5.8718";"2017-01-19 15:03:23"
"5.854";"2017-01-19 15:03:24"
"5.8718";"2017-01-19 15:03:25"
"6.1922";"2017-01-19 15:03:26"
"6.2278";"2017-01-19 15:03:27"
"6.2634";"2017-01-19 15:03:28"
"5.7828";"2017-01-19 15:03:29"
"6.2812";"2017-01-19 15:03:30"
"5.765";"2017-01-19 15:03:31"
"6.299";"2017-01-19 15:03:32"
"5.854";"2017-01-19 15:03:33"
"5.7828";"2017-01-19 15:03:34"
"6.2812";"2017-01-19 15:03:35"
"6.299";"2017-01-19 15:03:36"
"5.8006";"2017-01-19 15:03:37"
"5.7828";"2017-01-19 15:03:38"
"5.8006";"2017-01-19 15:03:39"
"5.8184";"2017-01-19 15:03:40"
"5.8362";"2017-01-19 15:03:41"
"6.1388";"2017-01-19 15:03:42"
"5.9252";"2017-01-19 15:03:43"
"5.9252";"2017-01-19 15:03:44"
"5.9252";"2017-01-19 15:03:45"
"6.121";"2017-01-19 15:03:46"
"6.1744";"2017-01-19 15:03:47"
"5.8184";"2017-01-19 15:03:48"
"6.2634";"2017-01-19 15:03:49"
"6.299";"2017-01-19 15:03:50"
"5.8006";"2017-01-19 15:03:51"
"5.8184";"2017-01-19 15:03:52"
"5.854";"2017-01-19 15:03:53"
"6.1566";"2017-01-19 15:03:54"
"6.1388";"2017-01-19 15:03:55"
"6.1388";"2017-01-19 15:03:56"
"6.1032";"2017-01-19 15:03:57"
"6.1744";"2017-01-19 15:03:58"
"6.2278";"2017-01-19 15:03:59"
"6.299";"2017-01-19 15:04:00"
"6.299";"2017-01-19 15:04:01"
"6.3168";"2017-01-19 15:04:02"
"5.8006";"2017-01-19 15:04:03"
"6.2634";"2017-01-19 15:04:04"
"5.8718";"2017-01-19 15:04:05"
"6.1744";"2017-01-19 15:04:06"
"5.9252";"2017-01-19 15:04:07"
"5.9074";"2017-01-19 15:04:08"
"6.121";"2017-01-19 15:04:09"
"5.943";"2017-01-19 15:04:10"
"6.21";"2017-01-19 15:04:11"
"5.8006";"2017-01-19 15:04:12"
"6.299";"2017-01-19 15:04:13"
"6.2812";"2017-01-19 15:04:14"
"6.21";"2017-01-19 15:04:15"
"6.121";"2017-01-19 15:04:16"
"6.2278";"2017-01-19 15:04:17"
"5.8896";"2017-01-19 15:04:18"
"6.2634";"2017-01-19 15:04:19"
"5.765";"2017-01-19 15:04:20"
"5.8362";"2017-01-19 15:04:21"
"5.943";"2017-01-19 15:04:22"
"6.1566";"2017-01-19 15:04:23"
"6.2812";"2017-01-19 15:04:24"
"6.299";"2017-01-19 15:04:25"
"6.2456";"2017-01-19 15:04:26"
"6.1566";"2017-01-19 15:04:27"
"5.9608";"2017-01-19 15:04:28"
"5.9252";"2017-01-19 15:04:29"
"5.8362";"2017-01-19 15:04:30"
"6.299";"2017-01-19 15:04:31"
"5.7828";"2017-01-19 15:04:32"
"5.765";"2017-01-19 15:04:33"
"6.2812";"2017-01-19 15:04:34"
"5.8006";"2017-01-19 15:04:35"
"6.2456";"2017-01-19 15:04:36"
"6.2278";"2017-01-19 15:04:37"
"6.2278";"2017-01-19 15:04:38"
"6.21";"2017-01-19 15:04:39"
"6.2278";"2017-01-19 15:04:40"
"6.21";"2017-01-19 15:04:41"
"6.1744";"2017-01-19 15:04:42"
"6.1744";"2017-01-19 15:04:43"
"6.1566";"2017-01-19 15:04:44"
"6.1566";"2017-01-19 15:04:45"
"5.9252";"2017-01-19 15:04:46"
"5.9074";"2017-01-19 15:04:47"
"6.21";"2017-01-19 15:04:48"
"6.1744";"2017-01-19 15:04:49"
"5.9252";"2017-01-19 15:04:50"
"6.21";"2017-01-19 15:04:51"
"6.2456";"2017-01-19 15:04:52"
"6.2456";"2017-01-19 15:04:53"
"6.2456";"2017-01-19 15:04:54"
"6.2456";"2017-01-19 15:04:55"
"6.2634";"2017-01-19 15:04:56"
"6.2456";"2017-01-19 15:04:57"
"6.2456";"2017-01-19 15:04:58"
"5.9252";"2017-01-19 15:04:59"
"6.2812";"2017-01-19 15:05:00"
"6.2812";"2017-01-19 15:05:01"
"6.299";"2017-01-19 15:05:02"
"6.2812";"2017-01-19 15:05:03"
"5.8184";"2017-01-19 15:05:04"
"5.8184";"2017-01-19 15:05:05"
"6.1388";"2017-01-19 15:05:06"
"5.943";"2017-01-19 15:05:07"
"6.1388";"2017-01-19 15:05:08"
"5.8896";"2017-01-19 15:05:09"
"5.8184";"2017-01-19 15:05:10"
"5.7828";"2017-01-19 15:05:11"
"5.7828";"2017-01-19 15:05:12"
"5.8184";"2017-01-19 15:05:13"
"6.2812";"2017-01-19 15:05:14"
"5.8718";"2017-01-19 15:05:15"
"5.9074";"2017-01-19 15:05:16"
"5.9608";"2017-01-19 15:05:17"
"6.1566";"2017-01-19 15:05:18"
"5.9252";"2017-01-19 15:05:19"
"6.1566";"2017-01-19 15:05:20"
"5.943";"2017-01-19 15:05:21"
"6.1566";"2017-01-19 15:05:22"
"6.1566";"2017-01-19 15:05:23"
"5.9252";"2017-01-19 15:05:24"
"6.2278";"2017-01-19 15:05:25"
"6.2456";"2017-01-19 15:05:26"
"5.8006";"2017-01-19 15:05:27"
"6.2634";"2017-01-19 15:05:28"
"5.7828";"2017-01-19 15:05:29"
"5.765";"2017-01-19 15:05:30"
"6.3168";"2017-01-19 15:05:31"
"6.3168";"2017-01-19 15:05:32"
"6.299";"2017-01-19 15:05:33"
"6.2812";"2017-01-19 15:05:34"
"6.2634";"2017-01-19 15:05:35"
"5.8184";"2017-01-19 15:05:36"
"6.2634";"2017-01-19 15:05:37"
"5.8362";"2017-01-19 15:05:38"
"5.8718";"2017-01-19 15:05:39"
"5.8184";"2017-01-19 15:05:40"
"5.8896";"2017-01-19 15:05:41"
"5.9074";"2017-01-19 15:05:42"
"5.9252";"2017-01-19 15:05:43"
"6.1566";"2017-01-19 15:05:44"
"6.121";"2017-01-19 15:05:45"
"6.1566";"2017-01-19 15:05:46"
"6.1566";"2017-01-19 15:05:47"
"6.1744";"2017-01-19 15:05:48"
"6.21";"2017-01-19 15:05:49"
"5.8184";"2017-01-19 15:05:50"
"6.299";"2017-01-19 15:05:51"
"6.2812";"2017-01-19 15:05:52"
"6.2278";"2017-01-19 15:05:53"
"6.121";"2017-01-19 15:05:54"
"6.1566";"2017-01-19 15:05:55"
"5.9074";"2017-01-19 15:05:56"
"6.1922";"2017-01-19 15:05:57"
"5.8184";"2017-01-19 15:05:58"
"6.2812";"2017-01-19 15:05:59"
"6.299";"2017-01-19 15:06:00"
"5.8006";"2017-01-19 15:06:01"
"5.8006";"2017-01-19 15:06:02"
"6.2456";"2017-01-19 15:06:03"
"5.8718";"2017-01-19 15:06:04"
"6.1922";"2017-01-19 15:06:05"
"5.9608";"2017-01-19 15:06:06"
"6.1032";"2017-01-19 15:06:07"
"5.9252";"2017-01-19 15:06:08"
"6.1922";"2017-01-19 15:06:09"
"6.1388";"2017-01-19 15:06:10"
"6.1566";"2017-01-19 15:06:11"
"6.299";"2017-01-19 15:06:12"
"5.9252";"2017-01-19 15:06:13"
"5.9252";"2017-01-19 15:06:14"
"5.9252";"2017-01-19 15:06:15"
"5.9074";"2017-01-19 15:06:16"
"6.1566";"2017-01-19 15:06:17"
"5.9252";"2017-01-19 15:06:18"
"5.8006";"2017-01-19 15:06:19"
"5.9074";"2017-01-19 15:06:20"
"5.8718";"2017-01-19 15:06:21"
"5.9252";"2017-01-19 15:06:22"
"5.9074";"2017-01-19 15:06:23"
"5.9964";"2017-01-19 15:06:24"
"6.1744";"2017-01-19 15:06:25"
"6.2278";"2017-01-19 15:06:26"
"6.2812";"2017-01-19 15:06:27"
"6.299";"2017-01-19 15:06:28"
"6.2634";"2017-01-19 15:06:29"
"6.2456";"2017-01-19 15:06:30"
"6.1922";"2017-01-19 15:06:31"
"6.1744";"2017-01-19 15:06:32"
"6.1388";"2017-01-19 15:06:33"
"6.1566";"2017-01-19 15:06:34"
"5.9786";"2017-01-19 15:06:35"
"5.943";"2017-01-19 15:06:36"
"5.9074";"2017-01-19 15:06:37"
"5.765";"2017-01-19 15:06:38"
"5.8006";"2017-01-19 15:06:39"
"5.7828";"2017-01-19 15:06:40"
"5.765";"2017-01-19 15:06:41"
"5.7828";"2017-01-19 15:06:42"
"5.8006";"2017-01-19 15:06:43"
"5.854";"2017-01-19 15:06:44"
"5.9252";"2017-01-19 15:06:45"
"5.9252";"2017-01-19 15:06:46"
"6.1388";"2017-01-19 15:06:47"
"6.1744";"2017-01-19 15:06:48"
"6.2634";"2017-01-19 15:06:49"
"5.8006";"2017-01-19 15:06:50"
"6.299";"2017-01-19 15:06:51"
"6.2812";"2017-01-19 15:06:52"
"5.8006";"2017-01-19 15:06:53"
"5.765";"2017-01-19 15:06:54"
"5.9074";"2017-01-19 15:06:55"
"5.9074";"2017-01-19 15:06:56"
"6.1922";"2017-01-19 15:06:57"
"5.9252";"2017-01-19 15:06:58"
"6.1388";"2017-01-19 15:06:59"
"5.9252";"2017-01-19 15:07:00"
"6.1566";"2017-01-19 15:07:01"
"6.21";"2017-01-19 15:07:02"
"5.8006";"2017-01-19 15:07:03"
"6.2812";"2017-01-19 15:07:04"
"6.299";"2017-01-19 15:07:05"
"6.2634";"2017-01-19 15:07:06"
"6.2278";"2017-01-19 15:07:07"
"5.9252";"2017-01-19 15:07:08"
"5.9252";"2017-01-19 15:07:09"
"5.9252";"2017-01-19 15:07:10"
"6.2456";"2017-01-19 15:07:11"
"5.7828";"2017-01-19 15:07:12"
"5.765";"2017-01-19 15:07:13"
"6.2634";"2017-01-19 15:07:14"
"5.8362";"2017-01-19 15:07:15"
"6.1388";"2017-01-19 15:07:16"
"6.1566";"2017-01-19 15:07:17"
"6.2278";"2017-01-19 15:07:18"
"6.1388";"2017-01-19 15:07:19"
"5.9608";"2017-01-19 15:07:20"
"6.1388";"2017-01-19 15:07:21"
"5.854";"2017-01-19 15:07:22"
"6.2278";"2017-01-19 15:07:23"
"6.1922";"2017-01-19 15:07:24"
"6.21";"2017-01-19 15:07:25"
"5.7828";"2017-01-19 15:07:26"
"6.2456";"2017-01-19 15:07:27"
"6.2634";"2017-01-19 15:07:28"
"5.765";"2017-01-19 15:07:29"
"5.765";"2017-01-19 15:07:30"
"6.2812";"2017-01-19 15:07:31"
"6.2634";"2017-01-19 15:07:32"
"5.765";"2017-01-19 15:07:33"
"5.7828";"2017-01-19 15:07:34"
"6.2278";"2017-01-19 15:07:35"
"5.7828";"2017-01-19 15:07:36"
"6.1744";"2017-01-19 15:07:37"
"6.1388";"2017-01-19 15:07:38"
"5.8896";"2017-01-19 15:07:39"
"6.1388";"2017-01-19 15:07:40"
"5.9252";"2017-01-19 15:07:41"
"6.121";"2017-01-19 15:07:42"
"6.1388";"2017-01-19 15:07:43"
"5.943";"2017-01-19 15:07:44"
"6.121";"2017-01-19 15:07:45"
"6.1566";"2017-01-19 15:07:46"
"6.121";"2017-01-19 15:07:47"
"6.1744";"2017-01-19 15:07:48"
"6.21";"2017-01-19 15:07:49"
"6.2634";"2017-01-19 15:07:50"
"6.299";"2017-01-19 15:07:51"
"6.2812";"2017-01-19 15:07:52"
"6.2634";"2017-01-19 15:07:53"
"6.2456";"2017-01-19 15:07:54"
"5.8718";"2017-01-19 15:07:55"
"6.1744";"2017-01-19 15:07:56"
"6.121";"2017-01-19 15:07:57"
"5.9252";"2017-01-19 15:07:58"
"5.854";"2017-01-19 15:07:59"
"5.943";"2017-01-19 15:08:00"
"6.1388";"2017-01-19 15:08:01"
"5.9786";"2017-01-19 15:08:02"
"5.943";"2017-01-19 15:08:03"
"5.9252";"2017-01-19 15:08:04"
"5.9074";"2017-01-19 15:08:05"
"6.21";"2017-01-19 15:08:06"
"5.8362";"2017-01-19 15:08:07"
"5.8184";"2017-01-19 15:08:08"
"5.8006";"2017-01-19 15:08:09"
"5.8006";"2017-01-19 15:08:10"
"5.7828";"2017-01-19 15:08:11"
"5.765";"2017-01-19 15:08:12"
"5.765";"2017-01-19 15:08:13"
"5.765";"2017-01-19 15:08:14"
"5.765";"2017-01-19 15:08:15"
"6.299";"2017-01-19 15:08:16"
"6.2456";"2017-01-19 15:08:17"
"5.8006";"2017-01-19 15:08:18"
"5.8184";"2017-01-19 15:08:19"
"6.1744";"2017-01-19 15:08:20"
"5.9074";"2017-01-19 15:08:21"
"6.121";"2017-01-19 15:08:22"
"5.943";"2017-01-19 15:08:23"
"5.9252";"2017-01-19 15:08:24"
"5.9074";"2017-01-19 15:08:25"
"5.9252";"2017-01-19 15:08:26"
"5.9074";"2017-01-19 15:08:27"
"6.1922";"2017-01-19 15:08:28"
"6.2634";"2017-01-19 15:08:29"
"5.854";"2017-01-19 15:08:30"
"5.854";"2017-01-19 15:08:31"
"6.2634";"2017-01-19 15:08:32"
"6.2456";"2017-01-19 15:08:33"
"5.8184";"2017-01-19 15:08:34"
"6.21";"2017-01-19 15:08:35"
"5.8006";"2017-01-19 15:08:36"
"5.8006";"2017-01-19 15:08:37"
"5.8006";"2017-01-19 15:08:38"
"5.8184";"2017-01-19 15:08:39"
"6.2634";"2017-01-19 15:08:40"
"5.8184";"2017-01-19 15:08:41"
"5.8184";"2017-01-19 15:08:42"
"5.8362";"2017-01-19 15:08:43"
"5.8362";"2017-01-19 15:08:44"
"5.854";"2017-01-19 15:08:45"
"5.854";"2017-01-19 15:08:46"
"5.854";"2017-01-19 15:08:47"
"5.8184";"2017-01-19 15:08:48"
"5.8896";"2017-01-19 15:08:49"
"6.21";"2017-01-19 15:08:50"
"5.8718";"2017-01-19 15:08:51"
"5.8718";"2017-01-19 15:08:52"
"6.2278";"2017-01-19 15:08:53"
"6.21";"2017-01-19 15:08:54"
"5.8896";"2017-01-19 15:08:55"
"6.1744";"2017-01-19 15:08:56"
"5.943";"2017-01-19 15:08:57"
"6.121";"2017-01-19 15:08:58"
"6.1566";"2017-01-19 15:08:59"
"5.9074";"2017-01-19 15:09:00"
"6.1388";"2017-01-19 15:09:01"
"6.1922";"2017-01-19 15:09:02"
"6.2456";"2017-01-19 15:09:03"
"6.2812";"2017-01-19 15:09:04"
"5.7828";"2017-01-19 15:09:05"
"6.2812";"2017-01-19 15:09:06"
"6.2812";"2017-01-19 15:09:07"
"6.2634";"2017-01-19 15:09:08"
"6.21";"2017-01-19 15:09:09"
"6.1744";"2017-01-19 15:09:10"
"6.1032";"2017-01-19 15:09:11"
"5.9074";"2017-01-19 15:09:12"
"6.1388";"2017-01-19 15:09:13"
"5.8718";"2017-01-19 15:09:14"
"5.8006";"2017-01-19 15:09:15"
"5.765";"2017-01-19 15:09:16"
"5.7828";"2017-01-19 15:09:17"
"5.8184";"2017-01-19 15:09:18"
"5.8896";"2017-01-19 15:09:19"
"5.9252";"2017-01-19 15:09:20"
"5.9252";"2017-01-19 15:09:21"
"6.1744";"2017-01-19 15:09:22"
"6.2456";"2017-01-19 15:09:23"
"6.2812";"2017-01-19 15:09:24"
"5.765";"2017-01-19 15:09:25"
"5.7828";"2017-01-19 15:09:26"
"6.2278";"2017-01-19 15:09:27"
"6.1744";"2017-01-19 15:09:28"
"5.9252";"2017-01-19 15:09:29"
"5.8718";"2017-01-19 15:09:30"
"5.943";"2017-01-19 15:09:31"
"5.8362";"2017-01-19 15:09:32"
"5.7828";"2017-01-19 15:09:33"
"6.2634";"2017-01-19 15:09:34"
"5.765";"2017-01-19 15:09:35"
"6.2812";"2017-01-19 15:09:36"
"5.8006";"2017-01-19 15:09:37"
"5.8362";"2017-01-19 15:09:38"
"5.8896";"2017-01-19 15:09:39"
"6.1744";"2017-01-19 15:09:40"
"6.1922";"2017-01-19 15:09:41"
"6.1922";"2017-01-19 15:09:42"
"6.1922";"2017-01-19 15:09:43"
"5.8184";"2017-01-19 15:09:44"
"5.8184";"2017-01-19 15:09:45"
"6.2812";"2017-01-19 15:09:46"
"5.7828";"2017-01-19 15:09:47"
"5.7472";"2017-01-19 15:09:48"
"6.2812";"2017-01-19 15:09:49"
"5.7472";"2017-01-19 15:09:50"
"5.7828";"2017-01-19 15:09:51"
"6.1744";"2017-01-19 15:09:52"
"5.9074";"2017-01-19 15:09:53"
"6.1032";"2017-01-19 15:09:54"
"5.9074";"2017-01-19 15:09:55"
"5.9074";"2017-01-19 15:09:56"
"5.8362";"2017-01-19 15:09:57"
"6.1744";"2017-01-19 15:09:58"
"6.2278";"2017-01-19 15:09:59"
"6.2456";"2017-01-19 15:10:00"
"5.7472";"2017-01-19 15:10:01"
"6.2812";"2017-01-19 15:10:02"
"6.2634";"2017-01-19 15:10:03"
"5.8006";"2017-01-19 15:10:04"
"6.1922";"2017-01-19 15:10:05"
"6.1388";"2017-01-19 15:10:06"
"6.1032";"2017-01-19 15:10:07"
"5.8896";"2017-01-19 15:10:08"
"5.8718";"2017-01-19 15:10:09"
"6.2278";"2017-01-19 15:10:10"
"5.765";"2017-01-19 15:10:11"
"6.2634";"2017-01-19 15:10:12"
"5.765";"2017-01-19 15:10:13"
"6.2456";"2017-01-19 15:10:14"
"6.1744";"2017-01-19 15:10:15"
"6.1388";"2017-01-19 15:10:16"
"5.9074";"2017-01-19 15:10:17"
"6.1388";"2017-01-19 15:10:18"
"6.121";"2017-01-19 15:10:19"
"5.9074";"2017-01-19 15:10:20"
"5.854";"2017-01-19 15:10:21"
"5.9074";"2017-01-19 15:10:22"
"6.0676";"2017-01-19 15:10:23"
"5.9074";"2017-01-19 15:10:24"
"5.9074";"2017-01-19 15:10:25"
"5.9074";"2017-01-19 15:10:26"
"6.1388";"2017-01-19 15:10:27"
"5.9252";"2017-01-19 15:10:28"
"5.9074";"2017-01-19 15:10:29"
"5.9074";"2017-01-19 15:10:30"
"6.1744";"2017-01-19 15:10:31"
"6.2456";"2017-01-19 15:10:32"
"5.9252";"2017-01-19 15:10:33"
"6.1566";"2017-01-19 15:10:34"
"6.121";"2017-01-19 15:10:35"
"6.1388";"2017-01-19 15:10:36"
"5.9074";"2017-01-19 15:10:37"
"5.8896";"2017-01-19 15:10:38"
"5.8718";"2017-01-19 15:10:39"
"5.854";"2017-01-19 15:10:40"
"5.8184";"2017-01-19 15:10:41"
"5.8006";"2017-01-19 15:10:42"
"5.7828";"2017-01-19 15:10:43"
"5.765";"2017-01-19 15:10:44"
"5.7472";"2017-01-19 15:10:45"
"5.7472";"2017-01-19 15:10:46"
"5.765";"2017-01-19 15:10:47"
"6.2812";"2017-01-19 15:10:48"
"5.8184";"2017-01-19 15:10:49"
"6.2278";"2017-01-19 15:10:50"
"5.854";"2017-01-19 15:10:51"
"6.21";"2017-01-19 15:10:52"
"5.9074";"2017-01-19 15:10:53"
"5.9252";"2017-01-19 15:10:54"
"6.1032";"2017-01-19 15:10:55"
"5.8896";"2017-01-19 15:10:56"
"5.9252";"2017-01-19 15:10:57"
"5.9074";"2017-01-19 15:10:58"
"5.854";"2017-01-19 15:10:59"
"5.8718";"2017-01-19 15:11:00"
"5.7828";"2017-01-19 15:11:01"
"5.765";"2017-01-19 15:11:02"
"5.765";"2017-01-19 15:11:03"
"5.8184";"2017-01-19 15:11:04"
"5.943";"2017-01-19 15:11:05"
"6.1388";"2017-01-19 15:11:06"
"6.1744";"2017-01-19 15:11:07"
"6.2456";"2017-01-19 15:11:08"
"6.2812";"2017-01-19 15:11:09"
"6.2634";"2017-01-19 15:11:10"
"6.1922";"2017-01-19 15:11:11"
"6.1032";"2017-01-19 15:11:12"
"5.9786";"2017-01-19 15:11:13"
"5.8896";"2017-01-19 15:11:14"
"5.8006";"2017-01-19 15:11:15"
"6.21";"2017-01-19 15:11:16"
"5.7472";"2017-01-19 15:11:17"
"6.2634";"2017-01-19 15:11:18"
"6.2456";"2017-01-19 15:11:19"
"6.2278";"2017-01-19 15:11:20"
"5.854";"2017-01-19 15:11:21"
"6.1922";"2017-01-19 15:11:22"
"5.8896";"2017-01-19 15:11:23"
"6.1744";"2017-01-19 15:11:24"
"5.8718";"2017-01-19 15:11:25"
"6.1922";"2017-01-19 15:11:26"
"5.8184";"2017-01-19 15:11:27"
"6.2634";"2017-01-19 15:11:28"
"6.2812";"2017-01-19 15:11:29"
"6.2634";"2017-01-19 15:11:30"
"6.2278";"2017-01-19 15:11:31"
"6.1744";"2017-01-19 15:11:32"
"5.9252";"2017-01-19 15:11:33"
"5.854";"2017-01-19 15:11:34"
"5.765";"2017-01-19 15:11:35"
"5.765";"2017-01-19 15:11:36"
"5.8362";"2017-01-19 15:11:37"
"6.121";"2017-01-19 15:11:38"
"6.1388";"2017-01-19 15:11:39"
"5.8362";"2017-01-19 15:11:40"
"5.7828";"2017-01-19 15:11:41"
"5.7472";"2017-01-19 15:11:42"
"6.2456";"2017-01-19 15:11:43"
"6.2456";"2017-01-19 15:11:44"
"6.2278";"2017-01-19 15:11:45"
"6.1744";"2017-01-19 15:11:46"
"6.1388";"2017-01-19 15:11:47"
"5.8896";"2017-01-19 15:11:48"
"6.121";"2017-01-19 15:11:49"
"5.854";"2017-01-19 15:11:50"
"6.0676";"2017-01-19 15:11:51"
"6.1032";"2017-01-19 15:11:52"
"6.121";"2017-01-19 15:11:53"
"6.1744";"2017-01-19 15:11:54"
"6.1922";"2017-01-19 15:11:55"
"6.21";"2017-01-19 15:11:56"
"6.2456";"2017-01-19 15:11:57"
"5.7828";"2017-01-19 15:11:58"
"5.765";"2017-01-19 15:11:59"
"6.2456";"2017-01-19 15:12:00"
"6.2812";"2017-01-19 15:12:01"
"6.2634";"2017-01-19 15:12:02"
"5.7472";"2017-01-19 15:12:03"
"5.7472";"2017-01-19 15:12:04"
"6.2812";"2017-01-19 15:12:05"
"6.2634";"2017-01-19 15:12:06"
"5.765";"2017-01-19 15:12:07"
"5.765";"2017-01-19 15:12:08"
"6.2634";"2017-01-19 15:12:09"
"5.8184";"2017-01-19 15:12:10"
"5.7828";"2017-01-19 15:12:11"
"5.7828";"2017-01-19 15:12:12"
"5.8006";"2017-01-19 15:12:13"
"5.8006";"2017-01-19 15:12:14"
"6.1388";"2017-01-19 15:12:15"
"5.8184";"2017-01-19 15:12:16"
"5.8362";"2017-01-19 15:12:17"
"6.1566";"2017-01-19 15:12:18"
"5.854";"2017-01-19 15:12:19"
"5.8718";"2017-01-19 15:12:20"
"5.9074";"2017-01-19 15:12:21"
"5.9252";"2017-01-19 15:12:22"
"6.1744";"2017-01-19 15:12:23"
"6.121";"2017-01-19 15:12:24"
"5.9608";"2017-01-19 15:12:25"
"5.8896";"2017-01-19 15:12:26"
"5.8896";"2017-01-19 15:12:27"
"6.1388";"2017-01-19 15:12:28"
"5.9074";"2017-01-19 15:12:29"
"6.121";"2017-01-19 15:12:30"
"5.9252";"2017-01-19 15:12:31"
"6.1744";"2017-01-19 15:12:32"
"6.1566";"2017-01-19 15:12:33"
"6.2278";"2017-01-19 15:12:34"
"6.2634";"2017-01-19 15:12:35"
"6.2634";"2017-01-19 15:12:36"
"6.2812";"2017-01-19 15:12:37"
"6.2812";"2017-01-19 15:12:38"
"6.2634";"2017-01-19 15:12:39"
"6.2456";"2017-01-19 15:12:40"
"6.21";"2017-01-19 15:12:41"
"6.21";"2017-01-19 15:12:42"
"6.21";"2017-01-19 15:12:43"
"5.7828";"2017-01-19 15:12:44"
"6.1744";"2017-01-19 15:12:45"
"6.1744";"2017-01-19 15:12:46"
"6.21";"2017-01-19 15:12:47"
"6.1744";"2017-01-19 15:12:48"
"5.8184";"2017-01-19 15:12:49"
"5.8184";"2017-01-19 15:12:50"
"5.8006";"2017-01-19 15:12:51"
"5.8006";"2017-01-19 15:12:52"
"6.2456";"2017-01-19 15:12:53"
"5.7828";"2017-01-19 15:12:54"
"5.765";"2017-01-19 15:12:55"
"5.765";"2017-01-19 15:12:56"
"5.765";"2017-01-19 15:12:57"
"6.2812";"2017-01-19 15:12:58"
"5.7828";"2017-01-19 15:12:59"
"5.8006";"2017-01-19 15:13:00"
"5.8362";"2017-01-19 15:13:01"
"5.9252";"2017-01-19 15:13:02"
"6.1566";"2017-01-19 15:13:03"
"6.0854";"2017-01-19 15:13:04"
"5.854";"2017-01-19 15:13:05"
"5.8006";"2017-01-19 15:13:06"
"6.299";"2017-01-19 15:13:07"
"5.765";"2017-01-19 15:13:08"
"5.8006";"2017-01-19 15:13:09"
"6.2456";"2017-01-19 15:13:10"
"5.9074";"2017-01-19 15:13:11"
"6.0854";"2017-01-19 15:13:12"
"6.1032";"2017-01-19 15:13:13"
"6.21";"2017-01-19 15:13:14"
"6.2812";"2017-01-19 15:13:15"
"6.299";"2017-01-19 15:13:16"
"5.8362";"2017-01-19 15:13:17"
"6.1744";"2017-01-19 15:13:18"
"5.9608";"2017-01-19 15:13:19"
"5.9252";"2017-01-19 15:13:20"
"6.2634";"2017-01-19 15:13:21"
"5.7828";"2017-01-19 15:13:22"
"6.3168";"2017-01-19 15:13:23"
"6.2812";"2017-01-19 15:13:24"
"6.2456";"2017-01-19 15:13:25"
"6.21";"2017-01-19 15:13:26"
"6.21";"2017-01-19 15:13:27"
"5.8184";"2017-01-19 15:13:28"
"6.21";"2017-01-19 15:13:29"
"5.8362";"2017-01-19 15:13:30"
"6.2634";"2017-01-19 15:13:31"
"6.299";"2017-01-19 15:13:32"
"5.765";"2017-01-19 15:13:33"
"6.2812";"2017-01-19 15:13:34"
"6.2634";"2017-01-19 15:13:35"
"6.2278";"2017-01-19 15:13:36"
"6.21";"2017-01-19 15:13:37"
"6.1922";"2017-01-19 15:13:38"
"5.854";"2017-01-19 15:13:39"
"5.8362";"2017-01-19 15:13:40"
"5.854";"2017-01-19 15:13:41"
"5.854";"2017-01-19 15:13:42"
"5.8184";"2017-01-19 15:13:43"
"6.1566";"2017-01-19 15:13:44"
"6.1744";"2017-01-19 15:13:45"
"6.1744";"2017-01-19 15:13:46"
"6.2278";"2017-01-19 15:13:47"
"6.2456";"2017-01-19 15:13:48"
"6.2812";"2017-01-19 15:13:49"
"5.7472";"2017-01-19 15:13:50"
"6.2812";"2017-01-19 15:13:51"
"6.2456";"2017-01-19 15:13:52"
"5.9074";"2017-01-19 15:13:53"
"5.9252";"2017-01-19 15:13:54"
"5.9252";"2017-01-19 15:13:55"
"6.1922";"2017-01-19 15:13:56"
"6.2634";"2017-01-19 15:13:57"
"6.299";"2017-01-19 15:13:58"
"6.2634";"2017-01-19 15:13:59"
"6.1922";"2017-01-19 15:14:00"
"6.1744";"2017-01-19 15:14:01"
"5.943";"2017-01-19 15:14:02"
"6.121";"2017-01-19 15:14:03"
"5.9074";"2017-01-19 15:14:04"
"6.2456";"2017-01-19 15:14:05"
"6.2812";"2017-01-19 15:14:06"
"5.765";"2017-01-19 15:14:07"
"5.765";"2017-01-19 15:14:08"
"5.8006";"2017-01-19 15:14:09"
"6.1922";"2017-01-19 15:14:10"
"6.121";"2017-01-19 15:14:11"
"6.121";"2017-01-19 15:14:12"
"6.1922";"2017-01-19 15:14:13"
"5.943";"2017-01-19 15:14:14"
"5.9074";"2017-01-19 15:14:15"
"6.1566";"2017-01-19 15:14:16"
"5.8362";"2017-01-19 15:14:17"
"5.8006";"2017-01-19 15:14:18"
"5.7828";"2017-01-19 15:14:19"
"5.7828";"2017-01-19 15:14:20"
"5.765";"2017-01-19 15:14:21"
"5.7828";"2017-01-19 15:14:22"
"5.765";"2017-01-19 15:14:23"
"6.2456";"2017-01-19 15:14:24"
"5.8362";"2017-01-19 15:14:25"
"5.8896";"2017-01-19 15:14:26"
"6.1388";"2017-01-19 15:14:27"
"6.1922";"2017-01-19 15:14:28"
"5.9252";"2017-01-19 15:14:29"
"5.8184";"2017-01-19 15:14:30"
"6.21";"2017-01-19 15:14:31"
"6.2456";"2017-01-19 15:14:32"
"5.765";"2017-01-19 15:14:33"
"6.2812";"2017-01-19 15:14:34"
"5.765";"2017-01-19 15:14:35"
"5.765";"2017-01-19 15:14:36"
"5.765";"2017-01-19 15:14:37"
"5.765";"2017-01-19 15:14:38"
"5.765";"2017-01-19 15:14:39"
"5.765";"2017-01-19 15:14:40"
"5.765";"2017-01-19 15:14:41"
"5.765";"2017-01-19 15:14:42"
"5.765";"2017-01-19 15:14:43"
"5.765";"2017-01-19 15:14:44"
"5.7828";"2017-01-19 15:14:45"
"5.7828";"2017-01-19 15:14:46"
"5.8006";"2017-01-19 15:14:47"
"5.8362";"2017-01-19 15:14:48"
"5.854";"2017-01-19 15:14:49"
"6.1922";"2017-01-19 15:14:50"
"5.9074";"2017-01-19 15:14:51"
"5.8362";"2017-01-19 15:14:52"
"6.121";"2017-01-19 15:14:53"
"6.1032";"2017-01-19 15:14:54"
"6.1566";"2017-01-19 15:14:55"
"5.9074";"2017-01-19 15:14:56"
"5.9074";"2017-01-19 15:14:57"
"6.1566";"2017-01-19 15:14:58"
"6.0854";"2017-01-19 15:14:59"
"5.9252";"2017-01-19 15:15:00"
"5.9074";"2017-01-19 15:15:01"
"6.1744";"2017-01-19 15:15:02"
"6.1566";"2017-01-19 15:15:03"
"6.1566";"2017-01-19 15:15:04"
"5.8362";"2017-01-19 15:15:05"
"6.1566";"2017-01-19 15:15:06"
"5.9608";"2017-01-19 15:15:07"
"6.1388";"2017-01-19 15:15:08"
"5.9252";"2017-01-19 15:15:09"
"5.943";"2017-01-19 15:15:10"
"6.2278";"2017-01-19 15:15:11"
"5.9074";"2017-01-19 15:15:12"
"6.1566";"2017-01-19 15:15:13"
"5.943";"2017-01-19 15:15:14"
"6.121";"2017-01-19 15:15:15"
"5.854";"2017-01-19 15:15:16"
"5.8184";"2017-01-19 15:15:17"
"6.2278";"2017-01-19 15:15:18"
"6.2634";"2017-01-19 15:15:19"
"6.299";"2017-01-19 15:15:20"
"5.765";"2017-01-19 15:15:21"
"5.8006";"2017-01-19 15:15:22"
"5.854";"2017-01-19 15:15:23"
"5.9074";"2017-01-19 15:15:24"
"5.8896";"2017-01-19 15:15:25"
"5.9074";"2017-01-19 15:15:26"
"6.1388";"2017-01-19 15:15:27"
"6.121";"2017-01-19 15:15:28"
"5.8718";"2017-01-19 15:15:29"
"6.21";"2017-01-19 15:15:30"
"5.8184";"2017-01-19 15:15:31"
"5.8006";"2017-01-19 15:15:32"
"6.2634";"2017-01-19 15:15:33"
"6.2812";"2017-01-19 15:15:34"
"5.765";"2017-01-19 15:15:35"
"6.2812";"2017-01-19 15:15:36"
"5.854";"2017-01-19 15:15:37"
"5.8006";"2017-01-19 15:15:38"
"6.2456";"2017-01-19 15:15:39"
"5.854";"2017-01-19 15:15:40"
"5.8896";"2017-01-19 15:15:41"
"5.9252";"2017-01-19 15:15:42"
"6.1388";"2017-01-19 15:15:43"
"5.9252";"2017-01-19 15:15:44"
"6.1388";"2017-01-19 15:15:45"
"5.9252";"2017-01-19 15:15:46"
"6.121";"2017-01-19 15:15:47"
"6.121";"2017-01-19 15:15:48"
"6.1744";"2017-01-19 15:15:49"
"5.8184";"2017-01-19 15:15:50"
"5.7828";"2017-01-19 15:15:51"
"6.299";"2017-01-19 15:15:52"
"6.2812";"2017-01-19 15:15:53"
"5.8184";"2017-01-19 15:15:54"
"5.8362";"2017-01-19 15:15:55"
"5.943";"2017-01-19 15:15:56"
"6.121";"2017-01-19 15:15:57"
"5.8362";"2017-01-19 15:15:58"
"5.7828";"2017-01-19 15:15:59"
"6.2812";"2017-01-19 15:16:00"
"6.1922";"2017-01-19 15:16:01"
"6.1566";"2017-01-19 15:16:02"
"6.121";"2017-01-19 15:16:03"
"5.8362";"2017-01-19 15:16:04"
"6.2812";"2017-01-19 15:16:05"
"5.765";"2017-01-19 15:16:06"
"5.8184";"2017-01-19 15:16:07"
"5.854";"2017-01-19 15:16:08"
"6.1388";"2017-01-19 15:16:09"
"6.121";"2017-01-19 15:16:10"
"5.8896";"2017-01-19 15:16:11"
"5.854";"2017-01-19 15:16:12"
"6.21";"2017-01-19 15:16:13"
"6.2456";"2017-01-19 15:16:14"
"6.2634";"2017-01-19 15:16:15"
"5.765";"2017-01-19 15:16:16"
"6.2812";"2017-01-19 15:16:17"
"6.2812";"2017-01-19 15:16:18"
"5.7828";"2017-01-19 15:16:19"
"6.21";"2017-01-19 15:16:20"
"6.2634";"2017-01-19 15:16:21"
"5.8362";"2017-01-19 15:16:22"
"6.1744";"2017-01-19 15:16:23"
"5.8718";"2017-01-19 15:16:24"
"6.21";"2017-01-19 15:16:25"
"5.8184";"2017-01-19 15:16:26"
"5.8718";"2017-01-19 15:16:27"
"5.8896";"2017-01-19 15:16:28"
"5.8896";"2017-01-19 15:16:29"
"6.121";"2017-01-19 15:16:30"
"5.9074";"2017-01-19 15:16:31"
"6.1388";"2017-01-19 15:16:32"
"6.121";"2017-01-19 15:16:33"
"6.1922";"2017-01-19 15:16:34"
"5.7828";"2017-01-19 15:16:35"
"5.7472";"2017-01-19 15:16:36"
"6.2812";"2017-01-19 15:16:37"
"6.2278";"2017-01-19 15:16:38"
"5.8896";"2017-01-19 15:16:39"
"6.121";"2017-01-19 15:16:40"
"5.943";"2017-01-19 15:16:41"
"5.854";"2017-01-19 15:16:42"
"5.765";"2017-01-19 15:16:43"
"6.2812";"2017-01-19 15:16:44"
"6.21";"2017-01-19 15:16:45"
"5.943";"2017-01-19 15:16:46"
"5.943";"2017-01-19 15:16:47"
"5.8362";"2017-01-19 15:16:48"
"6.2812";"2017-01-19 15:16:49"
"5.7828";"2017-01-19 15:16:50"
"5.8718";"2017-01-19 15:16:51"
"6.1388";"2017-01-19 15:16:52"
"6.1566";"2017-01-19 15:16:53"
"6.2812";"2017-01-19 15:16:54"
"6.2812";"2017-01-19 15:16:55"
"6.2456";"2017-01-19 15:16:56"
"6.1388";"2017-01-19 15:16:57"
"5.9964";"2017-01-19 15:16:58"
"5.943";"2017-01-19 15:16:59"
"5.8718";"2017-01-19 15:17:00"
"5.8006";"2017-01-19 15:17:01"
"5.765";"2017-01-19 15:17:02"
"5.8006";"2017-01-19 15:17:03"
"5.8718";"2017-01-19 15:17:04"
"5.943";"2017-01-19 15:17:05"
"5.9252";"2017-01-19 15:17:06"
"5.8362";"2017-01-19 15:17:07"
"6.2634";"2017-01-19 15:17:08"
"6.2634";"2017-01-19 15:17:09"
"6.299";"2017-01-19 15:17:10"
"5.7828";"2017-01-19 15:17:11"
"5.8006";"2017-01-19 15:17:12"
"5.8184";"2017-01-19 15:17:13"
"5.8896";"2017-01-19 15:17:14"
"5.943";"2017-01-19 15:17:15"
"6.1388";"2017-01-19 15:17:16"
"6.121";"2017-01-19 15:17:17"
"5.943";"2017-01-19 15:17:18"
"5.854";"2017-01-19 15:17:19"
"5.8006";"2017-01-19 15:17:20"
"5.7828";"2017-01-19 15:17:21"
"5.8184";"2017-01-19 15:17:22"
"6.1744";"2017-01-19 15:17:23"
"6.1388";"2017-01-19 15:17:24"
"5.9608";"2017-01-19 15:17:25"
"5.8718";"2017-01-19 15:17:26"
"5.8006";"2017-01-19 15:17:27"
"5.7828";"2017-01-19 15:17:28"
"5.7828";"2017-01-19 15:17:29"
"6.21";"2017-01-19 15:17:30"
"5.8896";"2017-01-19 15:17:31"
"6.1388";"2017-01-19 15:17:32"
"6.1388";"2017-01-19 15:17:33"
"6.1566";"2017-01-19 15:17:34"
"6.1388";"2017-01-19 15:17:35"
"5.8362";"2017-01-19 15:17:36"
"6.2456";"2017-01-19 15:17:37"
"6.2812";"2017-01-19 15:17:38"
"6.299";"2017-01-19 15:17:39"
"6.299";"2017-01-19 15:17:40"
"5.8006";"2017-01-19 15:17:41"
"6.299";"2017-01-19 15:17:42"
"5.8006";"2017-01-19 15:17:43"
"5.8006";"2017-01-19 15:17:44"
"5.8362";"2017-01-19 15:17:45"
"5.8718";"2017-01-19 15:17:46"
"5.9074";"2017-01-19 15:17:47"
"5.8896";"2017-01-19 15:17:48"
"5.9074";"2017-01-19 15:17:49"
"6.1388";"2017-01-19 15:17:50"
"5.943";"2017-01-19 15:17:51"
"5.9608";"2017-01-19 15:17:52"
"6.121";"2017-01-19 15:17:53"
"6.1744";"2017-01-19 15:17:54"
"6.21";"2017-01-19 15:17:55"
"6.2456";"2017-01-19 15:17:56"
"6.2812";"2017-01-19 15:17:57"
"6.2812";"2017-01-19 15:17:58"
"5.7828";"2017-01-19 15:17:59"
"5.7828";"2017-01-19 15:18:00"
"5.7828";"2017-01-19 15:18:01"
"6.3168";"2017-01-19 15:18:02"
"6.3168";"2017-01-19 15:18:03"
"5.8006";"2017-01-19 15:18:04"
"5.8006";"2017-01-19 15:18:05"
"6.2812";"2017-01-19 15:18:06"
"6.299";"2017-01-19 15:18:07"
"6.2456";"2017-01-19 15:18:08"
"6.1744";"2017-01-19 15:18:09"
"5.9786";"2017-01-19 15:18:10"
"5.943";"2017-01-19 15:18:11"
"6.1744";"2017-01-19 15:18:12"
"6.2634";"2017-01-19 15:18:13"
"6.3168";"2017-01-19 15:18:14"
"6.3168";"2017-01-19 15:18:15"
"6.2634";"2017-01-19 15:18:16"
"6.1922";"2017-01-19 15:18:17"
"6.121";"2017-01-19 15:18:18"
"6.1922";"2017-01-19 15:18:19"
"5.9608";"2017-01-19 15:18:20"
"5.9074";"2017-01-19 15:18:21"
"6.2278";"2017-01-19 15:18:22"
"5.8362";"2017-01-19 15:18:23"
"5.8184";"2017-01-19 15:18:24"
"5.8006";"2017-01-19 15:18:25"
"5.8006";"2017-01-19 15:18:26"
"5.8006";"2017-01-19 15:18:27"
"5.8184";"2017-01-19 15:18:28"
"5.8184";"2017-01-19 15:18:29"
"6.2278";"2017-01-19 15:18:30"
"6.2278";"2017-01-19 15:18:31"
"5.8184";"2017-01-19 15:18:32"
"6.2278";"2017-01-19 15:18:33"
"5.8362";"2017-01-19 15:18:34"
"5.854";"2017-01-19 15:18:35"
"6.1744";"2017-01-19 15:18:36"
"6.21";"2017-01-19 15:18:37"
"6.1388";"2017-01-19 15:18:38"
"5.9252";"2017-01-19 15:18:39"
"5.943";"2017-01-19 15:18:40"
"6.21";"2017-01-19 15:18:41"
"6.1744";"2017-01-19 15:18:42"
"6.1744";"2017-01-19 15:18:43"
"6.1566";"2017-01-19 15:18:44"
"6.1388";"2017-01-19 15:18:45"
"5.943";"2017-01-19 15:18:46"
"6.121";"2017-01-19 15:18:47"
"5.9608";"2017-01-19 15:18:48"
"5.9608";"2017-01-19 15:18:49"
"6.1744";"2017-01-19 15:18:50"
"5.9074";"2017-01-19 15:18:51"
"6.1744";"2017-01-19 15:18:52"
"6.21";"2017-01-19 15:18:53"
"5.9252";"2017-01-19 15:18:54"
"3.4332";"2017-01-19 15:18:55"
"2.0092";"2017-01-19 15:18:56"
"2.6856";"2017-01-19 15:18:57"
"2.1338";"2017-01-19 15:18:58"
"2.116";"2017-01-19 15:18:59"
"2.3118";"2017-01-19 15:19:00"
"2.561";"2017-01-19 15:19:01"
"2.6322";"2017-01-19 15:19:02"
"2.2406";"2017-01-19 15:19:03"
"2.3296";"2017-01-19 15:19:04"
"2.4364";"2017-01-19 15:19:05"
"3.006";"2017-01-19 15:19:06"
"2.472";"2017-01-19 15:19:07"
"2.4898";"2017-01-19 15:19:08"
"2.5254";"2017-01-19 15:19:09"
"2.5254";"2017-01-19 15:19:10"
"3.362";"2017-01-19 15:19:11"
"2.8992";"2017-01-19 15:19:12"
"2.9882";"2017-01-19 15:19:13"
"2.5254";"2017-01-19 15:19:14"
"2.3652";"2017-01-19 15:19:15"
"2.4186";"2017-01-19 15:19:16"
"2.472";"2017-01-19 15:19:17"
"2.7924";"2017-01-19 15:19:18"
"3.362";"2017-01-19 15:19:19"
"3.184";"2017-01-19 15:19:20"
"3.095";"2017-01-19 15:19:21"
"2.8636";"2017-01-19 15:19:22"
"3.4332";"2017-01-19 15:19:23"
"2.7746";"2017-01-19 15:19:24"
"2.472";"2017-01-19 15:19:25"
"2.4898";"2017-01-19 15:19:26"
"2.3652";"2017-01-19 15:19:27"
"2.294";"2017-01-19 15:19:28"
"2.2762";"2017-01-19 15:19:29"
"2.2584";"2017-01-19 15:19:30"
"2.2228";"2017-01-19 15:19:31"
"2.9526";"2017-01-19 15:19:32"
"2.1872";"2017-01-19 15:19:33"
"2.1516";"2017-01-19 15:19:34"
"2.6678";"2017-01-19 15:19:35"
"5.7828";"2017-01-19 15:19:36"
"5.498";"2017-01-19 15:19:37"
"5.2132";"2017-01-19 15:19:38"
"5.2488";"2017-01-19 15:19:39"
"5.3378";"2017-01-19 15:19:40"
"5.5692";"2017-01-19 15:19:41"
"6.0142";"2017-01-19 15:19:42"
"5.6226";"2017-01-19 15:19:43"
"6.1744";"2017-01-19 15:19:44"
"6.21";"2017-01-19 15:19:45"
"5.4446";"2017-01-19 15:19:46"
"6.0676";"2017-01-19 15:19:47"
"5.8718";"2017-01-19 15:19:48"
"5.8896";"2017-01-19 15:19:49"
"6.3168";"2017-01-19 15:19:50"
"6.3168";"2017-01-19 15:19:51"
"6.21";"2017-01-19 15:19:52"
"6.21";"2017-01-19 15:19:53"
"5.6048";"2017-01-19 15:19:54"
"5.231";"2017-01-19 15:19:55"
"4.5902";"2017-01-19 15:19:56"
"4.6792";"2017-01-19 15:19:57"
"4.6436";"2017-01-19 15:19:58"
"5.2132";"2017-01-19 15:19:59"
"4.4656";"2017-01-19 15:20:00"
"5.231";"2017-01-19 15:20:01"
"4.5368";"2017-01-19 15:20:02"
"4.4834";"2017-01-19 15:20:03"
"5.1954";"2017-01-19 15:20:04"
"4.6436";"2017-01-19 15:20:05"
"5.0886";"2017-01-19 15:20:06"
"4.964";"2017-01-19 15:20:07"
"4.697";"2017-01-19 15:20:08"
"4.9106";"2017-01-19 15:20:09"
"5.0352";"2017-01-19 15:20:10"
"4.7148";"2017-01-19 15:20:11"
"4.3232";"2017-01-19 15:20:12"
"4.786";"2017-01-19 15:20:13"
"4.697";"2017-01-19 15:20:14"
"4.9462";"2017-01-19 15:20:15"
"6.1744";"2017-01-19 15:20:16"
"6.2278";"2017-01-19 15:20:17"
"6.388";"2017-01-19 15:20:18"
"6.4236";"2017-01-19 15:20:19"
"5.7472";"2017-01-19 15:20:20"
"6.4058";"2017-01-19 15:20:21"
"6.3524";"2017-01-19 15:20:22"
"5.854";"2017-01-19 15:20:23"
"5.9074";"2017-01-19 15:20:24"
"5.943";"2017-01-19 15:20:25"
"5.9786";"2017-01-19 15:20:26"
"5.9964";"2017-01-19 15:20:27"
"5.9964";"2017-01-19 15:20:28"
"5.9786";"2017-01-19 15:20:29"
"5.9786";"2017-01-19 15:20:30"
"5.9608";"2017-01-19 15:20:31"
"5.943";"2017-01-19 15:20:32"
"5.9252";"2017-01-19 15:20:33"
"5.8718";"2017-01-19 15:20:34"
"5.765";"2017-01-19 15:20:35"
"5.854";"2017-01-19 15:20:36"
"6.3168";"2017-01-19 15:20:37"
"5.8718";"2017-01-19 15:20:38"
"5.8896";"2017-01-19 15:20:39"
"5.8896";"2017-01-19 15:20:40"
"6.3524";"2017-01-19 15:20:41"
"5.9074";"2017-01-19 15:20:42"
"5.943";"2017-01-19 15:20:43"
"5.9608";"2017-01-19 15:20:44"
"6.2812";"2017-01-19 15:20:45"
"5.9964";"2017-01-19 15:20:46"
"6.032";"2017-01-19 15:20:47"
"6.0498";"2017-01-19 15:20:48"
"6.2812";"2017-01-19 15:20:49"
"6.0854";"2017-01-19 15:20:50"
"6.2812";"2017-01-19 15:20:51"
"5.9964";"2017-01-19 15:20:52"
"5.9786";"2017-01-19 15:20:53"
"5.9074";"2017-01-19 15:20:54"
"5.854";"2017-01-19 15:20:55"
"6.4592";"2017-01-19 15:20:56"
"5.7294";"2017-01-19 15:20:57"
"5.7294";"2017-01-19 15:20:58"
"6.299";"2017-01-19 15:20:59"
"5.765";"2017-01-19 15:21:00"
"5.8006";"2017-01-19 15:21:01"
"5.8184";"2017-01-19 15:21:02"
"5.854";"2017-01-19 15:21:03"
"5.854";"2017-01-19 15:21:04"
"5.854";"2017-01-19 15:21:05"
"5.8718";"2017-01-19 15:21:06"
"5.8896";"2017-01-19 15:21:07"
"5.8362";"2017-01-19 15:21:08"
"5.8006";"2017-01-19 15:21:09"
"5.765";"2017-01-19 15:21:10"
"5.7294";"2017-01-19 15:21:11"
"6.4058";"2017-01-19 15:21:12"
"5.7294";"2017-01-19 15:21:13"
"6.2278";"2017-01-19 15:21:14"
"5.9074";"2017-01-19 15:21:15"
"5.9252";"2017-01-19 15:21:16"
"5.9786";"2017-01-19 15:21:17"
"5.8718";"2017-01-19 15:21:18"
"6.3168";"2017-01-19 15:21:19"
"6.3524";"2017-01-19 15:21:20"
"5.6226";"2017-01-19 15:21:21"
"5.7294";"2017-01-19 15:21:22"
"6.4236";"2017-01-19 15:21:23"
"5.765";"2017-01-19 15:21:24"
"6.3346";"2017-01-19 15:21:25"
"5.8006";"2017-01-19 15:21:26"
"5.8184";"2017-01-19 15:21:27"
"5.854";"2017-01-19 15:21:28"
"5.7472";"2017-01-19 15:21:29"
"5.1598";"2017-01-19 15:21:30"
"5.1598";"2017-01-19 15:21:31"
"5.1242";"2017-01-19 15:21:32"
"5.1242";"2017-01-19 15:21:33"
"5.1776";"2017-01-19 15:21:34"
"5.4624";"2017-01-19 15:21:35"
"5.587";"2017-01-19 15:21:36"
"4.9818";"2017-01-19 15:21:37"
"5.5692";"2017-01-19 15:21:38"
"4.9818";"2017-01-19 15:21:39"
"4.964";"2017-01-19 15:21:40"
"5.0174";"2017-01-19 15:21:41"
"5.5514";"2017-01-19 15:21:42"
"5.5692";"2017-01-19 15:21:43"
"4.875";"2017-01-19 15:21:44"
"4.8572";"2017-01-19 15:21:45"
"5.5692";"2017-01-19 15:21:46"
"4.8928";"2017-01-19 15:21:47"
"5.5692";"2017-01-19 15:21:48"
"4.8928";"2017-01-19 15:21:49"
"4.9106";"2017-01-19 15:21:50"
"5.5692";"2017-01-19 15:21:51"
"5.5692";"2017-01-19 15:21:52"
"5.5336";"2017-01-19 15:21:53"
"5.498";"2017-01-19 15:21:54"
"5.4268";"2017-01-19 15:21:55"
"5.4624";"2017-01-19 15:21:56"
"5.4446";"2017-01-19 15:21:57"
"5.498";"2017-01-19 15:21:58"
"5.4624";"2017-01-19 15:21:59"
"5.3734";"2017-01-19 15:22:00"
"5.498";"2017-01-19 15:22:01"
"6.2278";"2017-01-19 15:22:02"
"5.6226";"2017-01-19 15:22:03"
"5.854";"2017-01-19 15:22:04"
"6.2812";"2017-01-19 15:22:05"
"6.3168";"2017-01-19 15:22:06"
"5.6938";"2017-01-19 15:22:07"
"5.8718";"2017-01-19 15:22:08"
"6.1388";"2017-01-19 15:22:09"
"6.0854";"2017-01-19 15:22:10"
"5.4446";"2017-01-19 15:22:11"
"5.231";"2017-01-19 15:22:12"
"4.5724";"2017-01-19 15:22:13"
"5.765";"2017-01-19 15:22:14"
"5.4802";"2017-01-19 15:22:15"
"5.4624";"2017-01-19 15:22:16"
"5.5336";"2017-01-19 15:22:17"
"5.4446";"2017-01-19 15:22:18"
"5.4624";"2017-01-19 15:22:19"
"6.299";"2017-01-19 15:22:20"
"6.1922";"2017-01-19 15:22:21"
"6.3168";"2017-01-19 15:22:22"
"5.32";"2017-01-19 15:22:23"
"6.299";"2017-01-19 15:22:24"
"6.3524";"2017-01-19 15:22:25"
"5.8006";"2017-01-19 15:22:26"
"6.2456";"2017-01-19 15:22:27"
"6.2812";"2017-01-19 15:22:28"
"6.21";"2017-01-19 15:22:29"
"5.8718";"2017-01-19 15:22:30"
"5.9074";"2017-01-19 15:22:31"
"6.2278";"2017-01-19 15:22:32"
"6.1922";"2017-01-19 15:22:33"
"6.2634";"2017-01-19 15:22:34"
"6.21";"2017-01-19 15:22:35"
"6.3702";"2017-01-19 15:22:36"
"5.9074";"2017-01-19 15:22:37"
"6.4236";"2017-01-19 15:22:38"
"5.8184";"2017-01-19 15:22:39"
"6.477";"2017-01-19 15:22:40"
"5.7828";"2017-01-19 15:22:41"
"6.4058";"2017-01-19 15:22:42"
"6.3524";"2017-01-19 15:22:43"
"5.8896";"2017-01-19 15:22:44"
"6.299";"2017-01-19 15:22:45"
"5.9786";"2017-01-19 15:22:46"
"6.299";"2017-01-19 15:22:47"
"6.0676";"2017-01-19 15:22:48"
"6.3346";"2017-01-19 15:22:49"
"5.9786";"2017-01-19 15:22:50"
"6.2278";"2017-01-19 15:22:51"
"5.9608";"2017-01-19 15:22:52"
"6.0854";"2017-01-19 15:22:53"
"5.9964";"2017-01-19 15:22:54"
"6.1032";"2017-01-19 15:22:55"
"6.2456";"2017-01-19 15:22:56"
"6.0676";"2017-01-19 15:22:57"
"5.7828";"2017-01-19 15:22:58"
"6.0854";"2017-01-19 15:22:59"
"6.0854";"2017-01-19 15:23:00"
"6.0676";"2017-01-19 15:23:01"
"6.032";"2017-01-19 15:23:02"
"6.3168";"2017-01-19 15:23:03"
"6.4058";"2017-01-19 15:23:04"
"6.3524";"2017-01-19 15:23:05"
"6.3346";"2017-01-19 15:23:06"
"5.9252";"2017-01-19 15:23:07"
"6.4414";"2017-01-19 15:23:08"
"6.5838";"2017-01-19 15:23:09"
"6.6016";"2017-01-19 15:23:10"
"6.3524";"2017-01-19 15:23:11"
"6.388";"2017-01-19 15:23:12"
"6.2456";"2017-01-19 15:23:13"
"6.1566";"2017-01-19 15:23:14"
"5.9608";"2017-01-19 15:23:15"
"6.0498";"2017-01-19 15:23:16"
"5.9786";"2017-01-19 15:23:17"
"5.943";"2017-01-19 15:23:18"
"5.7294";"2017-01-19 15:23:19"
"5.8362";"2017-01-19 15:23:20"
"5.8362";"2017-01-19 15:23:21"
"5.8896";"2017-01-19 15:23:22"
"5.9964";"2017-01-19 15:23:23"
"5.8006";"2017-01-19 15:23:24"
"6.0142";"2017-01-19 15:23:25"
"6.0498";"2017-01-19 15:23:26"
"6.4058";"2017-01-19 15:23:27"
"6.0676";"2017-01-19 15:23:28"
"6.3168";"2017-01-19 15:23:29"
"5.9964";"2017-01-19 15:23:30"
"6.4592";"2017-01-19 15:23:31"
"5.9252";"2017-01-19 15:23:32"
"6.3346";"2017-01-19 15:23:33"
"5.8718";"2017-01-19 15:23:34"
"5.9608";"2017-01-19 15:23:35"
"6.21";"2017-01-19 15:23:36"
"6.0854";"2017-01-19 15:23:37"
"6.1388";"2017-01-19 15:23:38"
"6.3346";"2017-01-19 15:23:39"
"6.3168";"2017-01-19 15:23:40"
"6.299";"2017-01-19 15:23:41"
"5.7828";"2017-01-19 15:23:42"
"5.7472";"2017-01-19 15:23:43"
"6.0854";"2017-01-19 15:23:44"
"5.9964";"2017-01-19 15:23:45"
"6.2634";"2017-01-19 15:23:46"
"6.299";"2017-01-19 15:23:47"
"5.8184";"2017-01-19 15:23:48"
"5.8362";"2017-01-19 15:23:49"
"5.854";"2017-01-19 15:23:50"
"6.2634";"2017-01-19 15:23:51"
"6.3168";"2017-01-19 15:23:52"
"6.3346";"2017-01-19 15:23:53"
"5.854";"2017-01-19 15:23:54"
"5.8362";"2017-01-19 15:23:55"
"5.854";"2017-01-19 15:23:56"
"5.8718";"2017-01-19 15:23:57"
"5.9074";"2017-01-19 15:23:58"
"6.299";"2017-01-19 15:23:59"
"5.8896";"2017-01-19 15:24:00"
"5.9074";"2017-01-19 15:24:01"
"5.943";"2017-01-19 15:24:02"
"6.2456";"2017-01-19 15:24:03"
"5.9964";"2017-01-19 15:24:04"
"5.9252";"2017-01-19 15:24:05"
"6.1744";"2017-01-19 15:24:06"
"5.8896";"2017-01-19 15:24:07"
"6.299";"2017-01-19 15:24:08"
"5.8362";"2017-01-19 15:24:09"
"5.8184";"2017-01-19 15:24:10"
"5.7116";"2017-01-19 15:24:11"
"5.8006";"2017-01-19 15:24:12"
"5.8006";"2017-01-19 15:24:13"
"5.8006";"2017-01-19 15:24:14"
"5.8006";"2017-01-19 15:24:15"
"5.8184";"2017-01-19 15:24:16"
"6.4414";"2017-01-19 15:24:17"
"5.8718";"2017-01-19 15:24:18"
"6.4414";"2017-01-19 15:24:19"
"6.4058";"2017-01-19 15:24:20"
"5.9252";"2017-01-19 15:24:21"
"6.3702";"2017-01-19 15:24:22"
"5.9786";"2017-01-19 15:24:23"
"5.9964";"2017-01-19 15:24:24"
"6.3702";"2017-01-19 15:24:25"
"6.3524";"2017-01-19 15:24:26"
"5.9964";"2017-01-19 15:24:27"
"5.9786";"2017-01-19 15:24:28"
"6.5126";"2017-01-19 15:24:29"
"5.9074";"2017-01-19 15:24:30"
"5.9608";"2017-01-19 15:24:31"
"5.8718";"2017-01-19 15:24:32"
"6.121";"2017-01-19 15:24:33"
"6.3702";"2017-01-19 15:24:34"
"6.4948";"2017-01-19 15:24:35"
"6.5838";"2017-01-19 15:24:36"
"6.6016";"2017-01-19 15:24:37"
"6.4948";"2017-01-19 15:24:38"
"6.388";"2017-01-19 15:24:39"
"6.0676";"2017-01-19 15:24:40"
"6.1922";"2017-01-19 15:24:41"
"6.4948";"2017-01-19 15:24:42"
"6.566";"2017-01-19 15:24:43"
"6.6372";"2017-01-19 15:24:44"
"6.6016";"2017-01-19 15:24:45"
"6.566";"2017-01-19 15:24:46"
"6.5482";"2017-01-19 15:24:47"
"6.5482";"2017-01-19 15:24:48"
"6.5304";"2017-01-19 15:24:49"
"6.4948";"2017-01-19 15:24:50"
"6.3168";"2017-01-19 15:24:51"
"6.7084";"2017-01-19 15:24:52"
"6.7262";"2017-01-19 15:24:53"
"6.744";"2017-01-19 15:24:54"
"6.1566";"2017-01-19 15:24:55"
"6.5482";"2017-01-19 15:24:56"
"6.7974";"2017-01-19 15:24:57"
"6.032";"2017-01-19 15:24:58"
"6.1566";"2017-01-19 15:24:59"
"6.1744";"2017-01-19 15:25:00"
"6.21";"2017-01-19 15:25:01"
"6.8864";"2017-01-19 15:25:02"
"6.8864";"2017-01-19 15:25:03"
"6.8686";"2017-01-19 15:25:04"
"6.8864";"2017-01-19 15:25:05"
"6.8864";"2017-01-19 15:25:06"
"6.8686";"2017-01-19 15:25:07"
"6.8864";"2017-01-19 15:25:08"
"6.9398";"2017-01-19 15:25:09"
"7.011";"2017-01-19 15:25:10"
"7.2246";"2017-01-19 15:25:11"
"7.0466";"2017-01-19 15:25:12"
"7.0822";"2017-01-19 15:25:13"
"7.0288";"2017-01-19 15:25:14"
"7.1534";"2017-01-19 15:25:15"
"7.1534";"2017-01-19 15:25:16"
"6.5838";"2017-01-19 15:25:17"
"6.7796";"2017-01-19 15:25:18"
"4.9284";"2017-01-19 15:25:19"
"4.2698";"2017-01-19 15:25:20"
"4.0206";"2017-01-19 15:25:21"
"3.9138";"2017-01-19 15:25:22"
"3.4154";"2017-01-19 15:25:23"
"3.7358";"2017-01-19 15:25:24"
"3.718";"2017-01-19 15:25:25"
"3.2196";"2017-01-19 15:25:26"
"3.2374";"2017-01-19 15:25:27"
"3.8248";"2017-01-19 15:25:28"
"3.7358";"2017-01-19 15:25:29"
"3.7714";"2017-01-19 15:25:30"
"3.7714";"2017-01-19 15:25:31"
"4.0562";"2017-01-19 15:25:32"
"4.2698";"2017-01-19 15:25:33"
"3.2908";"2017-01-19 15:25:34"
"3.3798";"2017-01-19 15:25:35"
"3.7358";"2017-01-19 15:25:36"
"3.54";"2017-01-19 15:25:37"
"3.54";"2017-01-19 15:25:38"
"4.252";"2017-01-19 15:25:39"
"4.0384";"2017-01-19 15:25:40"
"3.3976";"2017-01-19 15:25:41"
"3.3798";"2017-01-19 15:25:42"
"3.9138";"2017-01-19 15:25:43"
"3.4154";"2017-01-19 15:25:44"
"3.451";"2017-01-19 15:25:45"
"5.142";"2017-01-19 15:25:46"
"6.5482";"2017-01-19 15:25:47"
"6.9932";"2017-01-19 15:25:48"
"6.8864";"2017-01-19 15:25:49"
"6.7618";"2017-01-19 15:25:50"
"6.5838";"2017-01-19 15:25:51"
"6.744";"2017-01-19 15:25:52"
"7.011";"2017-01-19 15:25:53"
"6.744";"2017-01-19 15:25:54"
"6.7262";"2017-01-19 15:25:55"
"6.655";"2017-01-19 15:25:56"
"7.011";"2017-01-19 15:25:57"
"6.6372";"2017-01-19 15:25:58"
"6.5838";"2017-01-19 15:25:59"
"6.5482";"2017-01-19 15:26:00"
"7.0644";"2017-01-19 15:26:01"
"6.566";"2017-01-19 15:26:02"
"6.566";"2017-01-19 15:26:03"
"6.5482";"2017-01-19 15:26:04"
"6.3524";"2017-01-19 15:26:05"
"6.9754";"2017-01-19 15:26:06"
"7.0644";"2017-01-19 15:26:07"
"6.4414";"2017-01-19 15:26:08"
"7.0288";"2017-01-19 15:26:09"
"6.4592";"2017-01-19 15:26:10"
"6.4236";"2017-01-19 15:26:11"
"6.4236";"2017-01-19 15:26:12"
"6.4236";"2017-01-19 15:26:13"
"6.4948";"2017-01-19 15:26:14"
"6.5304";"2017-01-19 15:26:15"
"6.5126";"2017-01-19 15:26:16"
"6.4948";"2017-01-19 15:26:17"
"6.477";"2017-01-19 15:26:18"
"6.477";"2017-01-19 15:26:19"
"6.8864";"2017-01-19 15:26:20"
"6.388";"2017-01-19 15:26:21"
"6.4592";"2017-01-19 15:26:22"
"6.9042";"2017-01-19 15:26:23"
"6.3702";"2017-01-19 15:26:24"
"6.3524";"2017-01-19 15:26:25"
"6.388";"2017-01-19 15:26:26"
"6.4236";"2017-01-19 15:26:27"
"6.4414";"2017-01-19 15:26:28"
"6.4948";"2017-01-19 15:26:29"
"6.7084";"2017-01-19 15:26:30"
"6.7084";"2017-01-19 15:26:31"
"6.7262";"2017-01-19 15:26:32"
"6.7796";"2017-01-19 15:26:33"
"6.6194";"2017-01-19 15:26:34"
"6.1922";"2017-01-19 15:26:35"
"5.943";"2017-01-19 15:26:36"
"6.6906";"2017-01-19 15:26:37"
"6.3168";"2017-01-19 15:26:38"
"6.6194";"2017-01-19 15:26:39"
"6.3346";"2017-01-19 15:26:40"
"6.5838";"2017-01-19 15:26:41"
"6.388";"2017-01-19 15:26:42"
"6.6016";"2017-01-19 15:26:43"
"6.3702";"2017-01-19 15:26:44"
"6.2812";"2017-01-19 15:26:45"
"6.6906";"2017-01-19 15:26:46"
"6.2278";"2017-01-19 15:26:47"
"6.7262";"2017-01-19 15:26:48"
"6.21";"2017-01-19 15:26:49"
"6.1744";"2017-01-19 15:26:50"
"6.6728";"2017-01-19 15:26:51"
"6.6906";"2017-01-19 15:26:52"
"6.1566";"2017-01-19 15:26:53"
"6.1744";"2017-01-19 15:26:54"
"6.655";"2017-01-19 15:26:55"
"6.1744";"2017-01-19 15:26:56"
"6.6728";"2017-01-19 15:26:57"
"6.1744";"2017-01-19 15:26:58"
"6.655";"2017-01-19 15:26:59"
"6.655";"2017-01-19 15:27:00"
"6.655";"2017-01-19 15:27:01"
"6.5482";"2017-01-19 15:27:02"
"6.6194";"2017-01-19 15:27:03"
"6.1566";"2017-01-19 15:27:04"
"6.121";"2017-01-19 15:27:05"
"6.121";"2017-01-19 15:27:06"
"6.1388";"2017-01-19 15:27:07"
"6.5482";"2017-01-19 15:27:08"
"6.5126";"2017-01-19 15:27:09"
"6.4948";"2017-01-19 15:27:10"
"6.4948";"2017-01-19 15:27:11"
"6.4948";"2017-01-19 15:27:12"
"6.477";"2017-01-19 15:27:13"
"6.477";"2017-01-19 15:27:14"
"6.477";"2017-01-19 15:27:15"
"6.4592";"2017-01-19 15:27:16"
"6.2278";"2017-01-19 15:27:17"
"6.477";"2017-01-19 15:27:18"
"6.21";"2017-01-19 15:27:19"
"6.4948";"2017-01-19 15:27:20"
"6.4948";"2017-01-19 15:27:21"
"6.121";"2017-01-19 15:27:22"
"6.1566";"2017-01-19 15:27:23"
"6.5126";"2017-01-19 15:27:24"
"6.5304";"2017-01-19 15:27:25"
"6.5482";"2017-01-19 15:27:26"
"6.5482";"2017-01-19 15:27:27"
"6.5304";"2017-01-19 15:27:28"
"6.5126";"2017-01-19 15:27:29"
"6.477";"2017-01-19 15:27:30"
"6.4592";"2017-01-19 15:27:31"
"6.4236";"2017-01-19 15:27:32"
"6.3702";"2017-01-19 15:27:33"
"6.4236";"2017-01-19 15:27:34"
"6.4236";"2017-01-19 15:27:35"
"6.5838";"2017-01-19 15:27:36"
"6.3168";"2017-01-19 15:27:37"
"6.2278";"2017-01-19 15:27:38"
"6.1566";"2017-01-19 15:27:39"
"6.121";"2017-01-19 15:27:40"
"6.121";"2017-01-19 15:27:41"
"6.1388";"2017-01-19 15:27:42"
"6.1922";"2017-01-19 15:27:43"
"6.1922";"2017-01-19 15:27:44"
"6.388";"2017-01-19 15:27:45"
"6.1922";"2017-01-19 15:27:46"
"5.9964";"2017-01-19 15:27:47"
"6.4236";"2017-01-19 15:27:48"
"6.4592";"2017-01-19 15:27:49"
"6.477";"2017-01-19 15:27:50"
"6.0142";"2017-01-19 15:27:51"
"6.4236";"2017-01-19 15:27:52"
"6.3524";"2017-01-19 15:27:53"
"6.3346";"2017-01-19 15:27:54"
"6.121";"2017-01-19 15:27:55"
"6.121";"2017-01-19 15:27:56"
"6.1388";"2017-01-19 15:27:57"
"6.1032";"2017-01-19 15:27:58"
"6.4414";"2017-01-19 15:27:59"
"6.032";"2017-01-19 15:28:00"
"5.9964";"2017-01-19 15:28:01"
"5.9964";"2017-01-19 15:28:02"
"15.5906";"2017-01-19 16:24:51"
"15.6084";"2017-01-19 16:25:30"
"15.8398";"2017-01-19 16:25:33"
"1.1192";"2017-01-19 16:25:34"
"15.822";"2017-01-19 16:25:36"
"15.3236";"2017-01-19 16:26:10"
"15.8042";"2017-01-19 16:28:05"
"15.822";"2017-01-19 16:29:19"
"15.822";"2017-01-19 16:29:31"
"15.8042";"2017-01-19 16:31:41"
